supplier_id,suppliername,contact
101,Pro Skates Co.,John Doe
102,Street Gear Ltd.,Jane Smith
103,Extreme Boards Inc.,Emily Johnson
104,Cruise Tech,Michael Brown
1044557,Cruise Tech8076,Michael Brown1685
1049103,Cruise Tech4975,Michael Brown7628
1046362,Extreme Boards Inc.4466,Michael Brown4315
1014574,Extreme Boards Inc.1107,John Doe8452
1039906,Extreme Boards Inc.5824,Michael Brown7365
1044828,Street Gear Ltd.4226,John Doe2898
1024742,Street Gear Ltd.5042,Michael Brown6715
1025900,Extreme Boards Inc.2724,John Doe6025
1039843,Street Gear Ltd.2350,John Doe4811
1048605,Extreme Boards Inc.1050,Jane Smith4055
1045999,Street Gear Ltd.5612,Jane Smith5706
1042176,Pro Skates Co.5901,Michael Brown8186
1046334,Street Gear Ltd.5521,Emily Johnson6429
1027783,Pro Skates Co.2505,John Doe4223
1021647,Cruise Tech9186,Jane Smith7843
1047621,Street Gear Ltd.3718,Jane Smith3382
1024784,Extreme Boards Inc.3989,Michael Brown7295
1027104,Pro Skates Co.6607,Jane Smith2223
1012571,Pro Skates Co.1039,Jane Smith2046
1033043,Street Gear Ltd.6561,Michael Brown4741
1017156,Extreme Boards Inc.6465,Michael Brown8600
1013942,Pro Skates Co.5214,Jane Smith8987
1016122,Cruise Tech6567,Jane Smith3618
1048992,Extreme Boards Inc.6723,Emily Johnson5840
1045233,Extreme Boards Inc.8574,Jane Smith8783
1041044,Extreme Boards Inc.7662,Emily Johnson5840
1017252,Street Gear Ltd.7466,John Doe4891
1048613,Street Gear Ltd.3263,John Doe7384
1046561,Cruise Tech1797,Emily Johnson4783
1012186,Extreme Boards Inc.6601,Michael Brown5644
1014889,Extreme Boards Inc.7302,John Doe2106
1036204,Cruise Tech4709,Jane Smith1372
1042423,Cruise Tech6013,Michael Brown4911
1012681,Street Gear Ltd.9397,Michael Brown6196
1019573,Pro Skates Co.1316,Michael Brown2601
1031784,Cruise Tech3938,Jane Smith5938
1033712,Cruise Tech7977,Emily Johnson2639
1032378,Pro Skates Co.3538,Jane Smith1092
1022470,Street Gear Ltd.4329,John Doe2604
1014872,Cruise Tech6986,Emily Johnson3411
1021162,Pro Skates Co.7747,Michael Brown3822
1021440,Street Gear Ltd.3736,Jane Smith5964
1041243,Extreme Boards Inc.3931,Jane Smith1357
1043639,Cruise Tech8931,Michael Brown4278
1021983,Street Gear Ltd.9858,Michael Brown7728
1046324,Street Gear Ltd.2405,Jane Smith9972
1042897,Street Gear Ltd.9614,Emily Johnson8594
1038114,Pro Skates Co.8488,John Doe4509
1029231,Cruise Tech4429,John Doe4288
1027743,Extreme Boards Inc.3844,Michael Brown5027
1044155,Pro Skates Co.8717,John Doe3287
1032472,Street Gear Ltd.5183,John Doe7825
1027117,Pro Skates Co.7098,Jane Smith4618
1027940,Cruise Tech9635,Michael Brown5965
1014196,Cruise Tech2968,Emily Johnson5221
1048916,Street Gear Ltd.4095,Emily Johnson1377
1033661,Street Gear Ltd.8281,John Doe6748
1043553,Extreme Boards Inc.5654,Michael Brown5618
1027948,Extreme Boards Inc.5469,Jane Smith4146
1028002,Pro Skates Co.6162,Emily Johnson6986
1034002,Extreme Boards Inc.3420,Jane Smith7109
1011972,Cruise Tech1533,John Doe4439
1049256,Pro Skates Co.6417,Jane Smith5364
1017876,Cruise Tech1560,Jane Smith2290
1033899,Extreme Boards Inc.9017,Michael Brown9730
1044074,Extreme Boards Inc.4300,Jane Smith7635
1024243,Cruise Tech2136,John Doe5999
1035976,Extreme Boards Inc.9163,Michael Brown3971
1016415,Extreme Boards Inc.7390,John Doe5291
1026625,Cruise Tech4169,Emily Johnson1782
1015123,Cruise Tech5929,Michael Brown5976
1023822,Street Gear Ltd.8639,Jane Smith8688
1048188,Cruise Tech1647,John Doe9968
1049483,Street Gear Ltd.7142,Michael Brown6121
1032596,Pro Skates Co.4351,Emily Johnson1365
1045988,Pro Skates Co.1726,Jane Smith5594
1045065,Street Gear Ltd.7729,John Doe4640
1044737,Street Gear Ltd.4484,Emily Johnson8692
1031228,Pro Skates Co.1354,John Doe3735
1039789,Extreme Boards Inc.4032,Jane Smith3484
1027586,Street Gear Ltd.1362,Michael Brown9512
1035979,Street Gear Ltd.5868,Emily Johnson3854
1025619,Extreme Boards Inc.2777,Emily Johnson5801
1049882,Pro Skates Co.8273,John Doe5609
1025610,Extreme Boards Inc.4450,Emily Johnson7218
1022142,Extreme Boards Inc.3314,Jane Smith3611
1026122,Extreme Boards Inc.7262,John Doe1327
1038244,Extreme Boards Inc.6125,Emily Johnson9939
1049992,Street Gear Ltd.9012,Michael Brown7922
1021066,Extreme Boards Inc.4697,Emily Johnson1355
1049972,Street Gear Ltd.5117,John Doe8347
1017481,Cruise Tech5843,Michael Brown4032
1021088,Street Gear Ltd.7532,John Doe3915
1035995,Street Gear Ltd.2189,Michael Brown9399
1043561,Cruise Tech2166,John Doe1954
1025571,Cruise Tech6803,Emily Johnson9361
1048010,Street Gear Ltd.4609,Emily Johnson4342
1015431,Pro Skates Co.9309,Michael Brown8471
1035733,Extreme Boards Inc.9539,Michael Brown4041
1047400,Street Gear Ltd.1145,Emily Johnson6574
1028603,Cruise Tech2348,Michael Brown6558
1037798,Pro Skates Co.5216,Emily Johnson5822
1015014,Cruise Tech3157,Michael Brown8858
1047709,Pro Skates Co.7275,Emily Johnson8151
1039846,Street Gear Ltd.1859,Michael Brown6846
1033185,Extreme Boards Inc.4220,Emily Johnson8230
1025250,Extreme Boards Inc.1981,John Doe4693
1016006,Street Gear Ltd.8363,John Doe6772
1038168,Pro Skates Co.4710,Jane Smith7093
1046424,Street Gear Ltd.1959,Emily Johnson9996
1026849,Street Gear Ltd.2125,Michael Brown9151
1044886,Cruise Tech5964,Michael Brown4880
1024254,Cruise Tech8303,Michael Brown1555
1024267,Extreme Boards Inc.7617,Jane Smith2762
1032683,Street Gear Ltd.5202,Jane Smith7009
1015235,Cruise Tech8677,Jane Smith7174
1019697,Cruise Tech1379,Jane Smith2211
1027143,Street Gear Ltd.6808,Emily Johnson7911
1031307,Cruise Tech4170,Emily Johnson2726
1024452,Extreme Boards Inc.5438,John Doe8932
1034547,Pro Skates Co.4942,John Doe3913
1021796,Street Gear Ltd.2411,John Doe1213
1012910,Cruise Tech6122,Jane Smith7962
1021509,Cruise Tech3019,Michael Brown5403
1048870,Cruise Tech9568,John Doe6342
1042302,Extreme Boards Inc.3924,Jane Smith3060
1029954,Street Gear Ltd.3564,Jane Smith6844
1017061,Pro Skates Co.5523,Jane Smith5457
1014401,Street Gear Ltd.6984,Emily Johnson6744
1045642,Extreme Boards Inc.9920,Michael Brown4273
1035855,Pro Skates Co.1338,Michael Brown7153
1023898,Cruise Tech6517,Emily Johnson9013
1039591,Cruise Tech2417,John Doe9173
1013667,Cruise Tech9513,Emily Johnson2313
1027731,Pro Skates Co.2795,John Doe3463
1021489,Pro Skates Co.7660,Michael Brown2613
1017644,Street Gear Ltd.8413,Michael Brown6934
1048447,Cruise Tech1791,John Doe4944
1039008,Pro Skates Co.6778,Michael Brown1136
1025756,Cruise Tech1639,Michael Brown7573
1013891,Cruise Tech5282,Emily Johnson5404
1023131,Street Gear Ltd.4402,Jane Smith1303
1039104,Street Gear Ltd.4897,Jane Smith8879
1041114,Pro Skates Co.2067,Michael Brown8529
1021099,Pro Skates Co.8159,Emily Johnson3885
1035511,Cruise Tech3673,Jane Smith5570
1013239,Cruise Tech2175,Emily Johnson3990
1031268,Cruise Tech8571,John Doe9574
1036246,Street Gear Ltd.4515,Michael Brown4303
1015117,Cruise Tech2900,Emily Johnson2393
1017379,Extreme Boards Inc.7464,John Doe3635
1029877,Extreme Boards Inc.8031,John Doe7621
1039072,Cruise Tech5877,John Doe5677
1016511,Pro Skates Co.2934,Jane Smith2392
1044868,Pro Skates Co.8932,Emily Johnson3318
1036552,Extreme Boards Inc.2358,John Doe7934
1029397,Pro Skates Co.9864,John Doe5369
1044706,Extreme Boards Inc.1706,John Doe1009
1047595,Cruise Tech3849,John Doe9982
1037856,Cruise Tech2672,Jane Smith3333
1037520,Street Gear Ltd.4987,Michael Brown5384
1012947,Street Gear Ltd.1928,Jane Smith6862
1022372,Street Gear Ltd.3336,Jane Smith2654
1025720,Street Gear Ltd.7935,Jane Smith2396
1048522,Extreme Boards Inc.3179,Jane Smith3992
1012540,Extreme Boards Inc.3497,John Doe7780
1021908,Extreme Boards Inc.6643,John Doe1124
1015408,Extreme Boards Inc.6464,Jane Smith7122
1029167,Pro Skates Co.7100,Michael Brown1142
1025050,Extreme Boards Inc.4169,Michael Brown4150
1014097,Pro Skates Co.9422,Michael Brown4045
1047133,Cruise Tech8783,Jane Smith2204
1011122,Street Gear Ltd.2605,John Doe5096
1037902,Pro Skates Co.7155,Jane Smith5225
1026540,Cruise Tech2389,Jane Smith8103
1027790,Pro Skates Co.5966,Michael Brown3862
1023991,Extreme Boards Inc.7833,Jane Smith1107
1021016,Extreme Boards Inc.8486,Emily Johnson7990
1033627,Cruise Tech7241,Michael Brown4333
1033595,Pro Skates Co.5453,Michael Brown4475
1034739,Cruise Tech7266,Michael Brown7993
1024715,Street Gear Ltd.1618,John Doe9935
1022319,Street Gear Ltd.9605,Michael Brown1865
1031972,Cruise Tech9141,John Doe6458
1046646,Street Gear Ltd.1403,John Doe4109
1049341,Street Gear Ltd.8441,John Doe8265
1023975,Street Gear Ltd.2379,Emily Johnson2265
1045195,Pro Skates Co.7536,Emily Johnson2241
1036685,Pro Skates Co.9686,Jane Smith2974
1034444,Pro Skates Co.9731,Jane Smith8175
1036600,Extreme Boards Inc.2618,John Doe4082
1034123,Street Gear Ltd.1025,John Doe3616
1049377,Extreme Boards Inc.3054,Jane Smith9731
1032303,Pro Skates Co.5115,Michael Brown3357
1031143,Cruise Tech2752,Michael Brown4379
1021208,Extreme Boards Inc.4765,Jane Smith7896
1026013,Extreme Boards Inc.2849,Emily Johnson4177
1042210,Cruise Tech9831,Emily Johnson2028
1025816,Street Gear Ltd.5341,Michael Brown3010
1043773,Pro Skates Co.9182,Emily Johnson3413
1043133,Pro Skates Co.1335,John Doe5241
1035361,Extreme Boards Inc.2102,Michael Brown3376
1032299,Pro Skates Co.2080,Michael Brown3144
1013272,Street Gear Ltd.7355,John Doe4791
1027679,Pro Skates Co.8375,Emily Johnson3334
1043663,Cruise Tech9660,Emily Johnson5353
1025508,Cruise Tech9897,John Doe4658
1035476,Cruise Tech7122,Michael Brown3185
1039730,Extreme Boards Inc.5090,Michael Brown3940
1036883,Pro Skates Co.1482,Emily Johnson5997
1036984,Pro Skates Co.1798,Emily Johnson2953
1014424,Pro Skates Co.1820,Jane Smith5411
1047589,Cruise Tech7596,Emily Johnson9256
1028045,Cruise Tech1221,Emily Johnson3950
1045097,Extreme Boards Inc.9779,Jane Smith5617
1035015,Extreme Boards Inc.6112,Emily Johnson8491
1046140,Cruise Tech6212,John Doe1658
1028565,Street Gear Ltd.7623,Emily Johnson5621
1029519,Cruise Tech5882,Michael Brown1410
1046429,Cruise Tech9861,Jane Smith2455
1039221,Cruise Tech8822,Emily Johnson4202
1037971,Pro Skates Co.7675,John Doe8324
1014356,Cruise Tech3462,Michael Brown8742
1049117,Street Gear Ltd.5112,Michael Brown3517
1021960,Street Gear Ltd.7113,Emily Johnson8920
1023981,Pro Skates Co.9760,Emily Johnson6741
1036071,Extreme Boards Inc.7973,John Doe2181
1037899,Extreme Boards Inc.8173,Emily Johnson4391
1031514,Extreme Boards Inc.3439,John Doe5939
1026965,Extreme Boards Inc.4054,John Doe4098
1049247,Extreme Boards Inc.2203,Jane Smith9478
1025545,Cruise Tech8819,Jane Smith1856
1011566,Street Gear Ltd.4241,John Doe5726
1022801,Extreme Boards Inc.1587,Jane Smith3829
1022198,Cruise Tech1960,Emily Johnson8522
1023649,Street Gear Ltd.5556,Michael Brown5192
1047729,Cruise Tech4271,Emily Johnson5198
1012047,Street Gear Ltd.4171,Michael Brown6062
1013405,Pro Skates Co.2027,John Doe7451
1047653,Extreme Boards Inc.3434,John Doe3877
1049352,Street Gear Ltd.9708,Michael Brown5795
1041493,Cruise Tech7784,Emily Johnson9365
1044998,Pro Skates Co.5343,John Doe8480
1038735,Cruise Tech9555,John Doe2879
1047985,Extreme Boards Inc.7908,Michael Brown8043
1049071,Pro Skates Co.3389,Michael Brown9754
1037248,Cruise Tech8656,John Doe8373
1023757,Street Gear Ltd.1821,Jane Smith7792
1022447,Street Gear Ltd.9602,John Doe1553
1047400,Extreme Boards Inc.7061,Emily Johnson8096
1047227,Cruise Tech2650,John Doe3048
1043707,Cruise Tech7155,Michael Brown8923
1035757,Pro Skates Co.7261,Michael Brown9383
1044193,Cruise Tech4770,Michael Brown9994
1025710,Extreme Boards Inc.1775,John Doe4829
1042049,Street Gear Ltd.3383,Emily Johnson8276
1032184,Street Gear Ltd.7453,Emily Johnson2315
1027782,Street Gear Ltd.5048,Michael Brown7536
1035362,Extreme Boards Inc.7564,John Doe5863
1033342,Pro Skates Co.9886,John Doe3971
1027475,Cruise Tech2924,John Doe1020
1012531,Extreme Boards Inc.5354,Emily Johnson4386
1016809,Extreme Boards Inc.5486,Jane Smith3690
1044888,Cruise Tech9568,John Doe8311
1047676,Extreme Boards Inc.9927,Emily Johnson3701
1021695,Extreme Boards Inc.1833,John Doe3762
1036720,Extreme Boards Inc.6306,Jane Smith5246
1015189,Street Gear Ltd.3469,John Doe1101
1013891,Pro Skates Co.4320,John Doe4671
1032821,Street Gear Ltd.7638,Jane Smith3541
1036924,Extreme Boards Inc.4572,Jane Smith6188
1016501,Extreme Boards Inc.5263,Michael Brown2741
1026497,Extreme Boards Inc.6866,Jane Smith8670
1016226,Extreme Boards Inc.9874,Michael Brown4739
1036998,Street Gear Ltd.3258,Emily Johnson1907
1026874,Street Gear Ltd.7295,Michael Brown6676
1011401,Pro Skates Co.4451,Michael Brown7189
1031201,Extreme Boards Inc.9035,John Doe5352
1035725,Extreme Boards Inc.3342,John Doe9850
1018256,Cruise Tech9620,Michael Brown1072
1024582,Street Gear Ltd.1130,Jane Smith7710
1016090,Street Gear Ltd.7083,Emily Johnson1720
1024138,Cruise Tech2263,John Doe8356
1017198,Extreme Boards Inc.3259,Jane Smith8954
1042319,Extreme Boards Inc.4023,John Doe3453
1041855,Pro Skates Co.8381,John Doe1597
1049221,Street Gear Ltd.4903,John Doe4195
1026274,Cruise Tech6469,Michael Brown3196
1031581,Street Gear Ltd.7746,John Doe8132
1015892,Street Gear Ltd.5103,John Doe1072
1036150,Extreme Boards Inc.5563,Michael Brown4014
1014565,Cruise Tech6138,Michael Brown9029
1028810,Cruise Tech8356,John Doe7558
1019671,Street Gear Ltd.7133,Emily Johnson9712
1044372,Pro Skates Co.9462,Emily Johnson8931
1041081,Pro Skates Co.7057,Jane Smith9780
1022231,Pro Skates Co.9571,Jane Smith8857
1029537,Street Gear Ltd.8371,Emily Johnson7929
1043893,Cruise Tech7622,Michael Brown8853
1023517,Pro Skates Co.5982,Michael Brown9320
1032920,Pro Skates Co.7661,Jane Smith8849
1033797,Street Gear Ltd.1697,Jane Smith4944
1048470,Extreme Boards Inc.7349,Emily Johnson6204
1023343,Extreme Boards Inc.1675,John Doe5271
1012736,Extreme Boards Inc.4684,Michael Brown4650
1033201,Street Gear Ltd.2544,Jane Smith2880
1043599,Street Gear Ltd.9107,Jane Smith8967
1015338,Pro Skates Co.2318,Michael Brown9667
1014961,Street Gear Ltd.6480,John Doe3307
1032571,Street Gear Ltd.1022,John Doe2355
1011143,Cruise Tech3089,Michael Brown6443
1016384,Extreme Boards Inc.5899,John Doe8988
1044074,Street Gear Ltd.7677,Michael Brown5941
1035514,Cruise Tech3371,Jane Smith9983
1013046,Extreme Boards Inc.3534,Michael Brown6677
1014819,Street Gear Ltd.2385,John Doe7554
1019608,Cruise Tech3241,John Doe4528
1046496,Extreme Boards Inc.2458,Emily Johnson4505
1033859,Extreme Boards Inc.7272,Jane Smith8003
1031541,Cruise Tech4928,Michael Brown7468
1024784,Cruise Tech5701,Jane Smith3808
1034170,Pro Skates Co.8533,John Doe5772
1032690,Pro Skates Co.6444,Jane Smith6971
1035597,Pro Skates Co.2787,Jane Smith2757
1021324,Pro Skates Co.7980,Michael Brown9504
1029797,Pro Skates Co.5896,Jane Smith1642
1012098,Street Gear Ltd.2028,Emily Johnson2186
1025694,Cruise Tech1753,Emily Johnson9042
1028631,Cruise Tech4886,Jane Smith7114
1026972,Pro Skates Co.1670,Jane Smith7459
1027963,Street Gear Ltd.5209,Michael Brown4076
1035267,Street Gear Ltd.9879,Emily Johnson1793
1041664,Cruise Tech5299,Michael Brown3174
1032206,Pro Skates Co.6705,John Doe6759
1024204,Extreme Boards Inc.7324,Emily Johnson3492
1032124,Extreme Boards Inc.3820,Michael Brown8497
1014883,Cruise Tech2441,Jane Smith8529
1011357,Cruise Tech2981,Emily Johnson7564
1029537,Pro Skates Co.2839,Jane Smith5687
1015420,Cruise Tech9190,Emily Johnson5410
1044864,Street Gear Ltd.7422,Michael Brown3790
1017979,Extreme Boards Inc.3384,Jane Smith7374
1039960,Pro Skates Co.3510,Emily Johnson3714
1027074,Pro Skates Co.9725,Michael Brown9626
1022078,Cruise Tech8275,Emily Johnson8333
1046990,Cruise Tech4972,John Doe3301
1047971,Street Gear Ltd.8657,Emily Johnson2590
1032088,Extreme Boards Inc.9966,Michael Brown9848
1024875,Cruise Tech4337,Jane Smith6877
1021107,Cruise Tech1474,John Doe3009
1043138,Pro Skates Co.9877,Michael Brown6559
1049848,Extreme Boards Inc.9887,John Doe1952
1025621,Cruise Tech6330,Jane Smith3220
1012785,Extreme Boards Inc.8757,Emily Johnson6256
1018780,Street Gear Ltd.3585,Michael Brown1969
1044055,Pro Skates Co.3624,Emily Johnson9242
1043941,Cruise Tech2567,Emily Johnson2088
1012773,Street Gear Ltd.5634,Emily Johnson9365
1024133,Extreme Boards Inc.2778,Jane Smith3689
1018234,Pro Skates Co.9071,Michael Brown9592
1012580,Cruise Tech5548,John Doe4975
1047053,Street Gear Ltd.9904,Jane Smith2997
1044697,Cruise Tech7717,Michael Brown1598
1048123,Extreme Boards Inc.3465,Emily Johnson4845
1036405,Street Gear Ltd.9393,Jane Smith2414
1032749,Pro Skates Co.6552,Emily Johnson7492
1028211,Street Gear Ltd.5703,Michael Brown8351
1019736,Street Gear Ltd.3263,Jane Smith2314
1021041,Street Gear Ltd.9475,Michael Brown3917
1024217,Pro Skates Co.7139,Jane Smith6252
1026984,Extreme Boards Inc.9160,Jane Smith6664
1015011,Pro Skates Co.5920,John Doe8049
1017667,Street Gear Ltd.7140,Michael Brown1724
1024120,Street Gear Ltd.4405,Emily Johnson4131
1036534,Extreme Boards Inc.7966,Jane Smith6361
1047632,Pro Skates Co.6289,Jane Smith1166
1044758,Street Gear Ltd.7902,Michael Brown4286
1025683,Pro Skates Co.5431,Jane Smith4229
1026497,Extreme Boards Inc.8385,Michael Brown8712
1044103,Extreme Boards Inc.6463,Michael Brown4677
1022620,Street Gear Ltd.2126,Emily Johnson6602
1015278,Extreme Boards Inc.4041,Michael Brown8938
1033417,Street Gear Ltd.4888,Emily Johnson9107
1023588,Street Gear Ltd.9927,John Doe7393
1021208,Extreme Boards Inc.5812,Emily Johnson7088
1019634,Cruise Tech5668,Emily Johnson2578
1036084,Street Gear Ltd.5739,Emily Johnson2203
1023013,Street Gear Ltd.8904,Jane Smith7822
1019812,Pro Skates Co.3166,John Doe9862
1024713,Pro Skates Co.9039,Michael Brown1912
1024256,Cruise Tech4208,John Doe5899
1048044,Pro Skates Co.9276,Jane Smith8045
1024763,Cruise Tech4587,John Doe3000
1027772,Street Gear Ltd.6572,Emily Johnson1373
1036140,Street Gear Ltd.7976,Michael Brown3307
1012775,Pro Skates Co.8046,Emily Johnson3176
1032017,Pro Skates Co.4831,Jane Smith6852
1037290,Cruise Tech9863,John Doe1766
1034292,Street Gear Ltd.7301,John Doe2615
1013773,Cruise Tech7420,Emily Johnson8756
1014189,Pro Skates Co.7485,John Doe8782
1046183,Cruise Tech9833,John Doe2766
1025092,Pro Skates Co.1264,Michael Brown9571
1037219,Extreme Boards Inc.2448,Jane Smith4942
1028021,Cruise Tech2805,Jane Smith9406
1041870,Extreme Boards Inc.8256,Emily Johnson9614
1045382,Pro Skates Co.9243,Emily Johnson6692
1032877,Street Gear Ltd.8767,John Doe6883
1031758,Pro Skates Co.5336,John Doe1201
1038342,Cruise Tech9057,John Doe9904
1039894,Cruise Tech9517,Emily Johnson7102
1032476,Cruise Tech7590,John Doe5477
1031763,Street Gear Ltd.3591,Emily Johnson4815
1044269,Pro Skates Co.9924,John Doe9750
1021315,Pro Skates Co.6490,John Doe6835
1048534,Pro Skates Co.8639,Michael Brown4889
1027878,Cruise Tech2575,Emily Johnson3238
1042563,Pro Skates Co.1058,John Doe9624
1038970,Cruise Tech1183,John Doe2628
1038374,Street Gear Ltd.9357,Emily Johnson9155
1034245,Street Gear Ltd.2461,John Doe6879
1047745,Pro Skates Co.8011,Emily Johnson7839
1021833,Pro Skates Co.9678,Michael Brown2776
1035802,Street Gear Ltd.3859,Emily Johnson4085
1033060,Street Gear Ltd.7971,Michael Brown9969
1039675,Extreme Boards Inc.4255,Jane Smith1132
1035522,Pro Skates Co.6900,John Doe8623
1023162,Street Gear Ltd.5592,Emily Johnson2872
1018047,Cruise Tech5986,Jane Smith7692
1049477,Street Gear Ltd.3348,Emily Johnson6540
1037373,Pro Skates Co.7307,John Doe6580
1038913,Pro Skates Co.8024,Emily Johnson4681
1046558,Cruise Tech2154,Emily Johnson3801
1029073,Street Gear Ltd.6552,Jane Smith9195
1024161,Cruise Tech1426,John Doe6813
1017120,Extreme Boards Inc.1090,Jane Smith9983
1024109,Extreme Boards Inc.5911,Michael Brown9792
1013963,Extreme Boards Inc.5319,Jane Smith5847
1017772,Pro Skates Co.9453,Jane Smith1747
1015148,Cruise Tech4666,Emily Johnson1206
1048620,Extreme Boards Inc.5866,Jane Smith4714
1021703,Street Gear Ltd.2268,Michael Brown3982
1032031,Cruise Tech2415,Emily Johnson7914
1033251,Cruise Tech8366,Michael Brown2864
1034509,Street Gear Ltd.1029,Jane Smith1243
1044625,Street Gear Ltd.8860,Michael Brown6903
1028123,Pro Skates Co.9764,Michael Brown6005
1042987,Cruise Tech6561,Michael Brown3511
1038955,Pro Skates Co.4129,Emily Johnson5855
1025575,Extreme Boards Inc.7890,Michael Brown8712
1017089,Cruise Tech2723,Jane Smith1001
1021866,Extreme Boards Inc.1831,John Doe7029
1048902,Pro Skates Co.5287,Michael Brown5588
1022367,Pro Skates Co.2859,Emily Johnson3024
1036986,Extreme Boards Inc.7113,Emily Johnson1576
1024681,Street Gear Ltd.5139,Emily Johnson4395
1019180,Street Gear Ltd.3378,John Doe5590
1038617,Cruise Tech6062,Emily Johnson6995
1033496,Street Gear Ltd.5334,Emily Johnson3463
1021315,Pro Skates Co.3338,Michael Brown4368
1016153,Cruise Tech1745,John Doe2388
1023367,Pro Skates Co.1810,Michael Brown9749
1041347,Cruise Tech4586,Michael Brown2350
1023268,Pro Skates Co.3092,John Doe4799
1011310,Street Gear Ltd.8803,Michael Brown9714
1037167,Pro Skates Co.8942,John Doe9769
1022391,Cruise Tech1921,Michael Brown3331
1014509,Cruise Tech5427,Emily Johnson5756
1049304,Street Gear Ltd.3849,John Doe1718
1027487,Extreme Boards Inc.3411,John Doe6656
1031111,Cruise Tech2940,Michael Brown5715
1027951,Pro Skates Co.9690,John Doe5501
1017840,Extreme Boards Inc.6465,Michael Brown5802
1026140,Street Gear Ltd.2042,Emily Johnson3825
1029641,Street Gear Ltd.5487,Jane Smith2713
1044246,Pro Skates Co.3713,John Doe1642
1032819,Street Gear Ltd.6208,Emily Johnson6834
1034587,Street Gear Ltd.1335,Michael Brown8000
1044619,Street Gear Ltd.7520,Jane Smith1216
1035126,Pro Skates Co.1441,Emily Johnson3324
1031921,Cruise Tech4853,Michael Brown4258
1032249,Street Gear Ltd.1885,Emily Johnson9232
1034236,Pro Skates Co.5520,Emily Johnson8511
1029846,Street Gear Ltd.4988,Michael Brown2884
1028153,Street Gear Ltd.8759,John Doe5873
1013668,Street Gear Ltd.3524,Emily Johnson1911
1021513,Cruise Tech7023,Michael Brown2322
1027137,Extreme Boards Inc.7713,Michael Brown9522
1013646,Cruise Tech3542,John Doe9984
1026213,Pro Skates Co.7070,John Doe5729
1019442,Extreme Boards Inc.2490,John Doe7585
1039667,Pro Skates Co.6200,Jane Smith7224
1037388,Pro Skates Co.3629,Michael Brown2708
1031271,Pro Skates Co.7164,Emily Johnson1563
1047133,Pro Skates Co.3555,Michael Brown1006
1018379,Extreme Boards Inc.8161,Emily Johnson2432
1036865,Cruise Tech6093,Jane Smith4082
1038380,Cruise Tech6006,Emily Johnson3093
1038830,Extreme Boards Inc.1032,Jane Smith8259
1035007,Extreme Boards Inc.4213,Jane Smith6445
1027069,Street Gear Ltd.6354,Michael Brown7640
1028547,Extreme Boards Inc.6403,Emily Johnson7618
1012732,Street Gear Ltd.4961,John Doe5060
1047996,Extreme Boards Inc.2607,John Doe2510
1012548,Pro Skates Co.2725,Michael Brown6627
1024132,Extreme Boards Inc.3869,Emily Johnson5107
1043777,Cruise Tech6460,John Doe9994
1044505,Street Gear Ltd.7286,John Doe4830
1018103,Pro Skates Co.2710,Emily Johnson2659
1035462,Cruise Tech7439,Jane Smith8062
1023934,Cruise Tech3248,Michael Brown3945
1034359,Street Gear Ltd.7043,Michael Brown6365
1029618,Cruise Tech4441,Michael Brown9558
1029967,Pro Skates Co.2250,Michael Brown8305
1024555,Cruise Tech7241,John Doe9556
1023930,Extreme Boards Inc.9938,Michael Brown3065
1049229,Extreme Boards Inc.3717,Jane Smith7168
1041660,Cruise Tech8566,Jane Smith5791
1025016,Street Gear Ltd.4104,John Doe6676
1028448,Pro Skates Co.4388,John Doe4093
1032275,Street Gear Ltd.4031,John Doe7794
1038744,Street Gear Ltd.6428,John Doe9962
1013933,Extreme Boards Inc.7496,Michael Brown7786
1014345,Street Gear Ltd.6633,John Doe4958
1022996,Extreme Boards Inc.6241,John Doe1546
1014920,Cruise Tech2010,Emily Johnson8523
1027562,Street Gear Ltd.3141,John Doe1337
1043769,Cruise Tech3229,Emily Johnson3729
1041544,Cruise Tech4316,John Doe9500
1046540,Cruise Tech2625,Michael Brown5667
1044411,Extreme Boards Inc.7116,Jane Smith8427
1016218,Extreme Boards Inc.1574,John Doe1764
1017028,Street Gear Ltd.1414,Jane Smith1002
1033611,Extreme Boards Inc.9090,John Doe5122
1036607,Extreme Boards Inc.1289,Michael Brown7997
1029114,Pro Skates Co.1546,John Doe6770
1012497,Extreme Boards Inc.2408,John Doe2693
1037502,Street Gear Ltd.1901,Michael Brown8346
1025947,Street Gear Ltd.1639,Michael Brown7482
1035362,Pro Skates Co.5059,Emily Johnson5308
1018346,Street Gear Ltd.5401,Emily Johnson1283
1027295,Street Gear Ltd.8703,Jane Smith9723
1043605,Street Gear Ltd.6735,John Doe5903
1049296,Street Gear Ltd.2054,Michael Brown9449
1044209,Cruise Tech2205,Jane Smith9529
1026444,Pro Skates Co.7202,John Doe8545
1012477,Cruise Tech4395,Emily Johnson7305
1026899,Pro Skates Co.4406,Michael Brown4827
1038066,Street Gear Ltd.5690,John Doe7815
1037540,Pro Skates Co.5965,Emily Johnson2315
1048397,Street Gear Ltd.1263,John Doe4774
1041555,Extreme Boards Inc.5507,Michael Brown4534
1015587,Street Gear Ltd.2644,Jane Smith9887
1031509,Cruise Tech2742,Jane Smith9659
1033081,Extreme Boards Inc.4484,Michael Brown7140
1013190,Extreme Boards Inc.6938,Jane Smith3099
1012711,Pro Skates Co.4505,John Doe5229
1019243,Cruise Tech5407,Jane Smith4463
1029399,Extreme Boards Inc.6882,Michael Brown6976
1018771,Street Gear Ltd.5411,Emily Johnson4749
1042938,Pro Skates Co.7373,John Doe8117
1039503,Extreme Boards Inc.5046,Jane Smith7243
1019012,Cruise Tech6420,John Doe8989
1035391,Cruise Tech3565,Emily Johnson9316
1017989,Cruise Tech7862,John Doe1842
1036574,Cruise Tech2566,Michael Brown9390
1026724,Extreme Boards Inc.6153,John Doe2344
1017683,Cruise Tech3621,John Doe9038
1049635,Extreme Boards Inc.8161,Michael Brown3193
1027431,Pro Skates Co.4079,Emily Johnson2308
1021695,Pro Skates Co.2388,John Doe7079
1033036,Extreme Boards Inc.2039,Emily Johnson7498
1011582,Cruise Tech3204,Jane Smith9614
1025138,Pro Skates Co.2152,Jane Smith8068
1025678,Cruise Tech5413,Michael Brown3515
1022855,Street Gear Ltd.9796,Emily Johnson9621
1042205,Cruise Tech9524,Michael Brown8763
1022321,Pro Skates Co.8125,Jane Smith9624
1026054,Cruise Tech6040,Jane Smith9292
1041120,Pro Skates Co.8530,Jane Smith6518
1032898,Street Gear Ltd.8851,Jane Smith5910
1037096,Pro Skates Co.3614,Emily Johnson6661
1036603,Cruise Tech1188,Jane Smith2669
1018020,Street Gear Ltd.1456,Michael Brown3779
1037979,Pro Skates Co.4762,Michael Brown5839
1045463,Extreme Boards Inc.8535,John Doe3984
1013982,Street Gear Ltd.3301,Emily Johnson2383
1049001,Cruise Tech7082,Emily Johnson5984
1037147,Cruise Tech2623,John Doe6173
1048324,Extreme Boards Inc.4076,Emily Johnson9454
1042680,Extreme Boards Inc.2370,John Doe6977
1049914,Pro Skates Co.3265,Michael Brown2670
1015612,Cruise Tech1649,Michael Brown5234
1048967,Cruise Tech9384,Michael Brown1452
1016468,Extreme Boards Inc.7044,Michael Brown5237
1021831,Street Gear Ltd.4713,Emily Johnson1447
1016944,Pro Skates Co.7275,John Doe6990
1036120,Pro Skates Co.6323,Michael Brown6660
1014120,Extreme Boards Inc.9831,Jane Smith4056
1032150,Extreme Boards Inc.3383,Emily Johnson7971
1045666,Extreme Boards Inc.3156,John Doe3635
1017071,Pro Skates Co.9590,Emily Johnson4233
1031630,Street Gear Ltd.5927,John Doe1400
1011117,Pro Skates Co.2735,John Doe1269
1037205,Pro Skates Co.3093,Jane Smith1858
1046483,Cruise Tech5980,Jane Smith8894
1036639,Street Gear Ltd.8096,John Doe8617
1026553,Pro Skates Co.2489,Michael Brown4922
1042791,Street Gear Ltd.8426,Jane Smith1906
1019026,Cruise Tech9333,Jane Smith1064
1015056,Extreme Boards Inc.2813,Jane Smith9298
1019649,Street Gear Ltd.8021,John Doe6266
1029342,Cruise Tech3440,John Doe8157
1038783,Street Gear Ltd.5327,Jane Smith6728
1032657,Cruise Tech3052,Jane Smith4422
1032974,Pro Skates Co.9896,Jane Smith4645
1023373,Cruise Tech8494,Emily Johnson7106
1019718,Extreme Boards Inc.2062,Emily Johnson1181
1031385,Street Gear Ltd.5034,John Doe1256
1037403,Pro Skates Co.8656,Emily Johnson8834
1045838,Extreme Boards Inc.6390,Jane Smith8618
1023141,Street Gear Ltd.8638,Michael Brown9932
1022397,Pro Skates Co.1961,Michael Brown5996
1045785,Pro Skates Co.8561,John Doe6351
1031714,Cruise Tech6429,Emily Johnson4470
1044948,Pro Skates Co.6423,Jane Smith8924
1042103,Street Gear Ltd.5874,Jane Smith6146
1041931,Cruise Tech2552,Emily Johnson8942
1027609,Extreme Boards Inc.4934,Michael Brown8210
1045023,Cruise Tech2651,Michael Brown3444
1019623,Extreme Boards Inc.2328,Emily Johnson2647
1047593,Pro Skates Co.4976,Emily Johnson1878
1017528,Cruise Tech2257,Jane Smith9023
1049875,Cruise Tech6069,Michael Brown2782
1035218,Street Gear Ltd.3866,Emily Johnson5317
1031061,Extreme Boards Inc.5539,John Doe6177
1047813,Extreme Boards Inc.7853,Emily Johnson1082
1026479,Street Gear Ltd.4195,Michael Brown1432
1035481,Extreme Boards Inc.1513,Jane Smith6597
1044134,Cruise Tech1053,Jane Smith6218
1035646,Extreme Boards Inc.2784,Emily Johnson3560
1019075,Pro Skates Co.1546,Michael Brown3069
1038591,Pro Skates Co.5846,Michael Brown2894
1047504,Cruise Tech4467,John Doe6922
1038905,Street Gear Ltd.3404,John Doe6319
1015558,Extreme Boards Inc.9616,Jane Smith6701
1035413,Pro Skates Co.3593,Michael Brown2525
1036670,Extreme Boards Inc.3074,Michael Brown5397
1023552,Street Gear Ltd.5278,Emily Johnson9116
1035882,Cruise Tech3814,Emily Johnson9592
1019981,Extreme Boards Inc.2727,Emily Johnson8799
1034479,Extreme Boards Inc.8777,Emily Johnson9656
1033696,Street Gear Ltd.1734,Jane Smith9297
1043003,Extreme Boards Inc.9265,Emily Johnson9512
1038899,Cruise Tech3055,Emily Johnson7127
1038220,Street Gear Ltd.5838,Michael Brown8116
1027751,Cruise Tech8334,John Doe9450
1039798,Street Gear Ltd.4012,Jane Smith7302
1034322,Extreme Boards Inc.2811,John Doe3884
1028570,Cruise Tech8819,Michael Brown6859
1046370,Cruise Tech3016,Emily Johnson5780
1018975,Cruise Tech4033,John Doe5801
1027246,Pro Skates Co.5689,Michael Brown6344
1034069,Extreme Boards Inc.3725,Michael Brown4537
1013715,Street Gear Ltd.9826,John Doe8981
1019881,Pro Skates Co.6888,John Doe5022
1019754,Pro Skates Co.9427,Michael Brown4562
1016181,Extreme Boards Inc.4686,John Doe2753
1038182,Extreme Boards Inc.9388,Jane Smith5147
1012999,Extreme Boards Inc.5062,Jane Smith3493
1025165,Pro Skates Co.2663,John Doe7642
1045370,Cruise Tech1500,Jane Smith6829
1035748,Extreme Boards Inc.2809,John Doe3555
1034198,Cruise Tech3592,Jane Smith2873
1049410,Pro Skates Co.8462,Jane Smith1666
1019668,Street Gear Ltd.1934,John Doe7248
1045977,Extreme Boards Inc.9298,Jane Smith1716
1022321,Extreme Boards Inc.1012,Jane Smith4925
1034976,Cruise Tech1740,Emily Johnson8886
1042318,Pro Skates Co.9958,Jane Smith5004
1041776,Pro Skates Co.9610,Emily Johnson8399
1018861,Cruise Tech8395,Michael Brown9529
1013780,Pro Skates Co.9384,John Doe2215
1049771,Pro Skates Co.1928,Michael Brown1223
1025212,Street Gear Ltd.7085,John Doe3995
1048731,Pro Skates Co.8344,John Doe9425
1035518,Street Gear Ltd.6701,Emily Johnson8678
1029428,Extreme Boards Inc.5529,Emily Johnson3303
1042341,Extreme Boards Inc.2643,John Doe1648
1023451,Street Gear Ltd.3797,Jane Smith5756
1039788,Pro Skates Co.2888,Jane Smith5230
1018734,Street Gear Ltd.2768,John Doe6403
1029796,Street Gear Ltd.2445,Michael Brown6599
1039760,Cruise Tech4929,Jane Smith6373
1047666,Pro Skates Co.4695,Michael Brown1385
1016340,Extreme Boards Inc.1805,Michael Brown7834
1026670,Cruise Tech9800,Emily Johnson6728
1023398,Pro Skates Co.5754,John Doe5244
1014676,Cruise Tech9544,Emily Johnson5521
1018662,Cruise Tech1035,Michael Brown1987
1047824,Pro Skates Co.9645,Michael Brown1183
1047056,Cruise Tech3721,Jane Smith8866
1042496,Street Gear Ltd.7986,Michael Brown4029
1013747,Pro Skates Co.9813,Jane Smith6004
1019785,Street Gear Ltd.7840,Michael Brown5678
1041018,Extreme Boards Inc.9676,Michael Brown1340
1011757,Pro Skates Co.9059,Jane Smith7707
1025959,Cruise Tech5890,Jane Smith5810
1016293,Street Gear Ltd.9784,Jane Smith8719
1019101,Cruise Tech2246,John Doe3680
1011308,Pro Skates Co.3195,John Doe8613
1027780,Extreme Boards Inc.3535,John Doe9871
1019284,Extreme Boards Inc.6233,Michael Brown2397
1013547,Pro Skates Co.1267,John Doe3338
1015284,Pro Skates Co.2345,Michael Brown4993
1012015,Cruise Tech4257,Michael Brown6878
1025641,Pro Skates Co.5561,Jane Smith5778
1045141,Pro Skates Co.5073,Emily Johnson1263
1013396,Cruise Tech4984,Michael Brown3952
1044788,Extreme Boards Inc.9550,John Doe6732
1018585,Cruise Tech7107,Michael Brown1916
1039242,Pro Skates Co.9052,Emily Johnson9034
1037025,Pro Skates Co.3202,Jane Smith7434
1013538,Street Gear Ltd.4791,Jane Smith3223
1046752,Street Gear Ltd.2135,Jane Smith7449
1019884,Street Gear Ltd.6746,Jane Smith7341
1031003,Extreme Boards Inc.6990,Emily Johnson2892
1015713,Cruise Tech9032,John Doe8930
1022585,Cruise Tech5105,Michael Brown6305
1024945,Street Gear Ltd.9616,Emily Johnson7867
1048560,Cruise Tech6589,Emily Johnson3029
1025339,Cruise Tech7913,Emily Johnson9927
1047286,Cruise Tech3275,Jane Smith6818
1011018,Pro Skates Co.2878,Emily Johnson8807
1024950,Extreme Boards Inc.2341,John Doe7118
1033340,Street Gear Ltd.4114,John Doe9693
1045482,Street Gear Ltd.9685,Emily Johnson4438
1026464,Extreme Boards Inc.9915,Emily Johnson9537
1029296,Extreme Boards Inc.6963,John Doe9955
1038174,Cruise Tech3735,Jane Smith4382
1015134,Pro Skates Co.9670,Michael Brown2808
1016055,Street Gear Ltd.4844,Jane Smith9851
1012776,Street Gear Ltd.5163,John Doe8351
1022461,Extreme Boards Inc.1681,Emily Johnson1882
1025383,Pro Skates Co.5044,Michael Brown8620
1035348,Cruise Tech2714,Michael Brown2811
1045023,Cruise Tech3072,Michael Brown4409
1042994,Pro Skates Co.2027,Jane Smith8763
1029869,Pro Skates Co.4441,Emily Johnson5855
1034617,Pro Skates Co.3186,Jane Smith6125
1035582,Extreme Boards Inc.2502,John Doe9742
1044109,Street Gear Ltd.7004,John Doe8793
1036989,Extreme Boards Inc.1281,Jane Smith4679
1021062,Pro Skates Co.9737,Jane Smith6149
1037639,Extreme Boards Inc.2119,Emily Johnson3866
1048686,Extreme Boards Inc.5193,Emily Johnson9463
1043288,Cruise Tech2046,John Doe4571
1024338,Pro Skates Co.5839,Michael Brown1932
1035035,Pro Skates Co.5245,Jane Smith1988
1029386,Cruise Tech8149,Emily Johnson2331
1025015,Street Gear Ltd.2630,Michael Brown4152
1037724,Pro Skates Co.2718,Michael Brown9806
1037062,Street Gear Ltd.8383,Michael Brown8726
1047034,Cruise Tech6082,Emily Johnson6032
1042984,Cruise Tech3899,Jane Smith2886
1028439,Pro Skates Co.4401,Emily Johnson4347
1048753,Street Gear Ltd.7122,Michael Brown8994
1018591,Pro Skates Co.3763,John Doe8187
1037889,Street Gear Ltd.1179,Michael Brown1409
1026520,Street Gear Ltd.8686,Emily Johnson1975
1024784,Extreme Boards Inc.7324,Michael Brown8014
1046664,Pro Skates Co.2447,Michael Brown7498
1018605,Cruise Tech1874,Emily Johnson1869
1029992,Pro Skates Co.4862,Jane Smith7609
1023212,Cruise Tech1981,Jane Smith6763
1033673,Pro Skates Co.9182,Emily Johnson2114
1014833,Extreme Boards Inc.9290,Michael Brown6381
1032301,Cruise Tech1715,Jane Smith7777
1029517,Cruise Tech9912,Michael Brown6346
1035308,Pro Skates Co.1634,Michael Brown8547
1028719,Extreme Boards Inc.7998,John Doe5112
1028836,Extreme Boards Inc.5349,Emily Johnson6088
1044314,Cruise Tech8693,Emily Johnson4955
1041061,Cruise Tech4295,Jane Smith2112
1033464,Pro Skates Co.9487,Jane Smith4284
1048688,Street Gear Ltd.8333,Jane Smith6226
1046847,Pro Skates Co.8501,Jane Smith4245
1023909,Cruise Tech4180,Emily Johnson3794
1041303,Cruise Tech5600,Michael Brown9185
1047069,Street Gear Ltd.3282,Emily Johnson6211
1026392,Extreme Boards Inc.7331,Michael Brown9497
1014393,Street Gear Ltd.3679,John Doe3834
1043402,Pro Skates Co.6791,Michael Brown7432
1018404,Street Gear Ltd.8168,Jane Smith6802
1022242,Cruise Tech1362,Jane Smith4074
1043379,Extreme Boards Inc.2193,Jane Smith5074
1025067,Street Gear Ltd.2286,Jane Smith4491
1024268,Cruise Tech5773,Michael Brown8576
1045691,Extreme Boards Inc.5501,Jane Smith7615
1039994,Cruise Tech2962,Jane Smith2555
1045372,Pro Skates Co.7496,Jane Smith4738
1037882,Cruise Tech5475,Emily Johnson2081
1017614,Cruise Tech5925,Emily Johnson3641
1035881,Extreme Boards Inc.6704,Emily Johnson5809
1013935,Street Gear Ltd.1309,Emily Johnson3931
1028980,Street Gear Ltd.6508,Emily Johnson9173
1046087,Extreme Boards Inc.6658,Michael Brown4382
1022574,Extreme Boards Inc.3722,Jane Smith4188
1023498,Street Gear Ltd.6694,Jane Smith1773
1032006,Street Gear Ltd.5312,John Doe1913
1043095,Pro Skates Co.4927,Jane Smith9956
1049244,Street Gear Ltd.2390,Jane Smith5984
1032995,Street Gear Ltd.9748,Jane Smith1995
1017076,Pro Skates Co.4661,John Doe6523
1046038,Cruise Tech1779,Michael Brown2505
1045125,Pro Skates Co.8515,John Doe5001
1042143,Street Gear Ltd.7896,Michael Brown5000
1033187,Street Gear Ltd.4291,Emily Johnson4544
1019344,Cruise Tech2096,Jane Smith4331
1047063,Street Gear Ltd.2792,Michael Brown4331
1049342,Extreme Boards Inc.2076,Emily Johnson1065
1021232,Extreme Boards Inc.3432,Emily Johnson8857
1027340,Street Gear Ltd.1957,John Doe5011
1029933,Street Gear Ltd.1848,John Doe4230
1018052,Cruise Tech8735,Michael Brown3262
1024751,Cruise Tech6966,John Doe4136
1028857,Extreme Boards Inc.4729,John Doe4273
1027899,Pro Skates Co.4011,Jane Smith5451
1033219,Pro Skates Co.8567,Emily Johnson8028
1021452,Pro Skates Co.3913,Jane Smith1490
1037390,Pro Skates Co.7320,Emily Johnson5010
1016163,Cruise Tech6925,John Doe5434
1042235,Pro Skates Co.3335,Michael Brown7300
1041661,Extreme Boards Inc.5732,John Doe7380
1049436,Cruise Tech7895,Jane Smith8635
1016123,Extreme Boards Inc.5490,John Doe1054
1049885,Street Gear Ltd.3335,Jane Smith5397
1026281,Pro Skates Co.4428,Emily Johnson3832
1027901,Cruise Tech9346,Emily Johnson1435
1042821,Extreme Boards Inc.6898,Jane Smith3329
1032438,Extreme Boards Inc.1151,John Doe9856
1016610,Street Gear Ltd.3559,Michael Brown6815
1044209,Pro Skates Co.9099,John Doe2404
1028310,Extreme Boards Inc.9797,John Doe1980
1023241,Street Gear Ltd.2779,Emily Johnson2936
1022658,Extreme Boards Inc.2813,John Doe3350
1048208,Street Gear Ltd.7180,Jane Smith8839
1036624,Extreme Boards Inc.9215,Emily Johnson8528
1031735,Pro Skates Co.3266,Jane Smith2825
1039915,Street Gear Ltd.2003,Jane Smith2428
1029317,Street Gear Ltd.5032,John Doe6850
1035040,Pro Skates Co.8279,Michael Brown4307
1038848,Cruise Tech6992,Emily Johnson6217
1014319,Pro Skates Co.8342,Michael Brown2613
1038631,Street Gear Ltd.1652,Jane Smith8819
1039366,Cruise Tech1498,Jane Smith9314
1022721,Pro Skates Co.2603,Jane Smith6843
1027292,Cruise Tech9238,Michael Brown6678
1029549,Pro Skates Co.7187,Jane Smith3935
1011906,Cruise Tech3698,Emily Johnson1497
1022025,Street Gear Ltd.5385,Michael Brown5018
1045068,Street Gear Ltd.8937,Jane Smith6148
1016892,Extreme Boards Inc.6068,John Doe3628
1011697,Extreme Boards Inc.7183,Jane Smith2938
1036888,Cruise Tech7010,Jane Smith9053
1016970,Cruise Tech6187,Michael Brown4415
1027692,Extreme Boards Inc.4339,Jane Smith2213
1012208,Cruise Tech2549,John Doe9864
1038742,Pro Skates Co.1652,John Doe1621
1028946,Cruise Tech9746,Michael Brown6456
1034861,Cruise Tech1291,Jane Smith9194
1043765,Pro Skates Co.7705,John Doe5060
1038342,Street Gear Ltd.4514,Michael Brown1651
1029059,Cruise Tech2381,Jane Smith8461
1012298,Pro Skates Co.4473,Emily Johnson3525
1018029,Pro Skates Co.2417,Michael Brown4294
1017602,Street Gear Ltd.3630,Jane Smith1168
1046197,Cruise Tech7893,Emily Johnson1154
1013557,Extreme Boards Inc.7868,Jane Smith5406
1035200,Pro Skates Co.4013,Michael Brown8169
1043422,Extreme Boards Inc.2645,Emily Johnson1751
1032776,Pro Skates Co.5802,John Doe6365
1044576,Pro Skates Co.5402,Jane Smith7372
1022432,Cruise Tech7447,Michael Brown2281
1024198,Pro Skates Co.3583,Jane Smith9070
1016862,Cruise Tech8306,Jane Smith9862
1026305,Extreme Boards Inc.1202,Jane Smith7298
1013373,Pro Skates Co.1370,John Doe3886
1023757,Extreme Boards Inc.2393,Jane Smith1698
1015982,Pro Skates Co.2602,Michael Brown9606
1039802,Cruise Tech1402,Jane Smith7817
1036874,Pro Skates Co.7546,John Doe2730
1034981,Pro Skates Co.3966,Emily Johnson6226
1038227,Pro Skates Co.9783,Emily Johnson1018
1049872,Street Gear Ltd.1336,John Doe6781
1036108,Street Gear Ltd.3609,Emily Johnson5171
1045406,Pro Skates Co.3035,Emily Johnson9508
1048202,Extreme Boards Inc.3716,John Doe5019
1035675,Street Gear Ltd.8662,Michael Brown7938
1021691,Extreme Boards Inc.8689,Emily Johnson1193
1036075,Pro Skates Co.1963,Jane Smith4768
1047013,Pro Skates Co.5709,Emily Johnson2243
1012276,Street Gear Ltd.7488,John Doe8776
1041181,Cruise Tech3185,Michael Brown1037
1017246,Cruise Tech3750,John Doe8795
1036195,Cruise Tech8188,Michael Brown7578
1022978,Street Gear Ltd.4924,Emily Johnson8103
1035148,Extreme Boards Inc.8200,John Doe6865
1034717,Extreme Boards Inc.9861,Emily Johnson1677
1027301,Pro Skates Co.5794,John Doe1140
1031276,Cruise Tech9217,John Doe8685
1022550,Cruise Tech7965,John Doe9351
1035265,Street Gear Ltd.5349,Michael Brown7510
1026432,Street Gear Ltd.5144,John Doe5267
1027624,Extreme Boards Inc.2016,John Doe7611
1041972,Cruise Tech4164,Jane Smith9777
1022475,Street Gear Ltd.3320,Michael Brown6370
1031885,Pro Skates Co.6271,Jane Smith9369
1016562,Street Gear Ltd.9666,Michael Brown9210
1035917,Cruise Tech4022,John Doe7885
1014697,Pro Skates Co.1651,John Doe7410
1037571,Pro Skates Co.1966,Jane Smith8957
1015394,Street Gear Ltd.6841,Michael Brown5317
1033796,Cruise Tech7610,Jane Smith6275
1047241,Pro Skates Co.4923,Michael Brown9070
1019522,Street Gear Ltd.6941,Emily Johnson1588
1039149,Extreme Boards Inc.5892,Jane Smith5959
1014480,Street Gear Ltd.9229,Jane Smith3202
1034426,Street Gear Ltd.5913,Emily Johnson7474
1026340,Extreme Boards Inc.8900,Jane Smith1813
1035189,Cruise Tech7345,Emily Johnson9569
1042246,Extreme Boards Inc.4435,Emily Johnson1321
1035431,Cruise Tech7662,Michael Brown3153
1016211,Pro Skates Co.3636,Emily Johnson6756
1025550,Extreme Boards Inc.2898,Jane Smith5019
1018373,Street Gear Ltd.9261,Michael Brown5674
1026120,Street Gear Ltd.8618,Emily Johnson2125
1035844,Street Gear Ltd.6419,Emily Johnson5928
1037355,Pro Skates Co.1818,Jane Smith8851
1022230,Pro Skates Co.2113,Michael Brown6927
1036835,Street Gear Ltd.1881,Michael Brown5893
1047979,Street Gear Ltd.6903,Jane Smith7774
1038555,Pro Skates Co.9783,Emily Johnson6782
1016782,Street Gear Ltd.6396,Jane Smith8762
1042908,Pro Skates Co.5310,John Doe1599
1033902,Pro Skates Co.7872,Emily Johnson1169
1044531,Cruise Tech7176,Emily Johnson4912
1045147,Street Gear Ltd.3352,Michael Brown4395
1026349,Pro Skates Co.3180,Emily Johnson5518
1033857,Pro Skates Co.9351,Emily Johnson3853
1015652,Pro Skates Co.7843,Jane Smith7035
1014007,Street Gear Ltd.2173,Jane Smith6081
1028638,Pro Skates Co.8090,Jane Smith2394
1047646,Cruise Tech3445,Emily Johnson7511
1037984,Extreme Boards Inc.3495,John Doe7854
1039532,Extreme Boards Inc.1284,Michael Brown5202
1038688,Street Gear Ltd.7837,Emily Johnson3004
1043949,Street Gear Ltd.1087,John Doe7222
1047178,Street Gear Ltd.3409,Emily Johnson9507
1045519,Pro Skates Co.5826,Emily Johnson5797
1018943,Cruise Tech3590,Jane Smith9558
1037649,Pro Skates Co.9419,Emily Johnson1395
1036919,Pro Skates Co.4799,Michael Brown4780
1015066,Cruise Tech5363,Emily Johnson4686
1015131,Extreme Boards Inc.7531,Emily Johnson5327
1032737,Cruise Tech2516,Emily Johnson2703
1038029,Pro Skates Co.4974,John Doe9324
1038824,Pro Skates Co.3586,John Doe4775
1045392,Pro Skates Co.7928,Jane Smith6812
1046757,Pro Skates Co.5636,Michael Brown3682
1023452,Street Gear Ltd.5956,John Doe2303
1031467,Street Gear Ltd.8736,Emily Johnson6988
1043950,Street Gear Ltd.3900,Michael Brown1055
1043197,Street Gear Ltd.3853,Emily Johnson6121
1039209,Cruise Tech4956,Jane Smith5774
1025889,Street Gear Ltd.2182,Emily Johnson7686
1026277,Cruise Tech4811,John Doe6071
1033171,Street Gear Ltd.3942,Emily Johnson4034
1022995,Cruise Tech7179,Jane Smith5525
1027071,Cruise Tech4554,Jane Smith5428
1014106,Street Gear Ltd.9109,Emily Johnson9403
1041650,Cruise Tech2160,Michael Brown9082
1038415,Pro Skates Co.5253,Jane Smith4460
1023019,Extreme Boards Inc.1917,John Doe8360
1036178,Pro Skates Co.9855,Jane Smith7400
1033530,Pro Skates Co.7639,Michael Brown2881
1022148,Street Gear Ltd.5775,Emily Johnson3918
1017726,Extreme Boards Inc.7212,Emily Johnson1952
1015459,Street Gear Ltd.7299,Emily Johnson3185
1012191,Cruise Tech4019,Emily Johnson4578
1041743,Street Gear Ltd.9513,Jane Smith9184
1042554,Street Gear Ltd.7455,Emily Johnson9136
1027768,Extreme Boards Inc.5142,Michael Brown3673
1035933,Extreme Boards Inc.9905,Jane Smith8366
1021532,Street Gear Ltd.6293,Jane Smith6492
1026109,Pro Skates Co.3945,Emily Johnson1969
1036529,Extreme Boards Inc.9160,Jane Smith6786
1032323,Street Gear Ltd.3149,Jane Smith3363
1025059,Pro Skates Co.3029,John Doe5702
1032652,Cruise Tech4080,Emily Johnson4631
1047195,Extreme Boards Inc.8978,Michael Brown6344
1031478,Pro Skates Co.3800,John Doe6906
1024162,Extreme Boards Inc.9061,Jane Smith4247
1025992,Pro Skates Co.7584,Emily Johnson9756
1045962,Pro Skates Co.3089,John Doe8999
1045195,Cruise Tech7465,Michael Brown1106
1029863,Extreme Boards Inc.2953,Jane Smith1195
1028936,Pro Skates Co.1330,Jane Smith2813
1046490,Extreme Boards Inc.2980,Jane Smith9166
1012887,Extreme Boards Inc.6417,Michael Brown8021
1034511,Street Gear Ltd.9481,Emily Johnson1762
1014565,Pro Skates Co.4262,Emily Johnson7731
1027677,Pro Skates Co.8023,John Doe4914
1041177,Pro Skates Co.4228,John Doe1364
1025766,Street Gear Ltd.1513,John Doe6166
1046902,Pro Skates Co.2793,Emily Johnson4072
1033906,Pro Skates Co.7293,Michael Brown1411
1049937,Cruise Tech1720,Emily Johnson2990
1028353,Pro Skates Co.7531,Michael Brown3967
1041119,Street Gear Ltd.7945,Michael Brown3575
1049707,Pro Skates Co.3577,John Doe8958
1014867,Pro Skates Co.4248,Jane Smith7721
1013179,Pro Skates Co.9411,Jane Smith7066
1024512,Pro Skates Co.1597,John Doe2009
1035884,Cruise Tech2551,Emily Johnson5785
1039773,Extreme Boards Inc.9404,Emily Johnson1567
1023218,Pro Skates Co.7860,John Doe8626
1029041,Cruise Tech4651,Emily Johnson3081
1016027,Street Gear Ltd.3383,John Doe6077
1013063,Extreme Boards Inc.7616,Emily Johnson3812
1049303,Street Gear Ltd.7471,John Doe5074
1016400,Street Gear Ltd.2582,John Doe3933
1035893,Street Gear Ltd.3708,Michael Brown1622
1027843,Cruise Tech3211,Michael Brown8242
1015492,Street Gear Ltd.7557,Jane Smith6471
1047999,Cruise Tech6954,Michael Brown4354
1013256,Pro Skates Co.3478,John Doe2343
1016814,Street Gear Ltd.7392,Michael Brown3436
1048838,Street Gear Ltd.4485,Jane Smith1538
1027760,Cruise Tech4374,Michael Brown3856
1036809,Street Gear Ltd.3132,Michael Brown5758
1035018,Street Gear Ltd.9778,John Doe9570
1021381,Cruise Tech8646,Emily Johnson1088
1028848,Extreme Boards Inc.2932,Jane Smith8467
1013970,Pro Skates Co.6350,Michael Brown9684
1035605,Street Gear Ltd.4448,Michael Brown8222
1016577,Street Gear Ltd.1147,Emily Johnson5934
1046086,Cruise Tech3142,Jane Smith8200
1022713,Extreme Boards Inc.1922,Michael Brown9081
1027903,Street Gear Ltd.6290,John Doe8172
1016016,Pro Skates Co.5973,Michael Brown3342
1028220,Pro Skates Co.1848,John Doe1377
1037330,Cruise Tech4131,Michael Brown4146
1012043,Cruise Tech9098,Emily Johnson2313
1014941,Extreme Boards Inc.6776,John Doe1843
1024201,Street Gear Ltd.2025,John Doe4322
1029608,Pro Skates Co.1713,Emily Johnson7607
1047186,Cruise Tech3759,Michael Brown7218
1049853,Street Gear Ltd.3775,John Doe2187
1023768,Street Gear Ltd.2732,Emily Johnson1149
1046960,Street Gear Ltd.9739,Jane Smith2079
1039100,Pro Skates Co.8752,Michael Brown6073
1031457,Pro Skates Co.7640,Michael Brown2119
1015349,Extreme Boards Inc.2840,Michael Brown6117
1016091,Street Gear Ltd.2556,Jane Smith6532
1033460,Cruise Tech4189,Emily Johnson8561
1042410,Pro Skates Co.6090,John Doe2773
1011702,Pro Skates Co.7925,Emily Johnson1038
1048765,Extreme Boards Inc.9894,Emily Johnson9902
1026736,Extreme Boards Inc.9815,John Doe3986
1038904,Cruise Tech4176,John Doe7741
1031817,Extreme Boards Inc.5599,Jane Smith5521
1048114,Cruise Tech9068,Jane Smith6578
1015925,Street Gear Ltd.8621,Michael Brown7129
1033144,Street Gear Ltd.4848,John Doe5963
1018210,Street Gear Ltd.7797,Emily Johnson1327
1026800,Street Gear Ltd.4437,Emily Johnson2248
1027807,Extreme Boards Inc.4715,Jane Smith2187
1025049,Extreme Boards Inc.3737,Jane Smith4884
1049276,Pro Skates Co.2550,Michael Brown4198
1038592,Street Gear Ltd.1596,Emily Johnson5425
1031642,Street Gear Ltd.3407,Emily Johnson4339
1034038,Cruise Tech4885,Michael Brown5723
1049959,Cruise Tech5925,John Doe9479
1017022,Street Gear Ltd.6779,Michael Brown4331
1012542,Street Gear Ltd.6944,Jane Smith4062
1036453,Extreme Boards Inc.2457,Jane Smith2766
1019186,Street Gear Ltd.3360,Jane Smith5585
1023043,Extreme Boards Inc.1852,Emily Johnson4927
1044683,Pro Skates Co.4769,Jane Smith2347
1012732,Street Gear Ltd.5014,John Doe7517
1032177,Extreme Boards Inc.3943,Michael Brown9344
1015782,Pro Skates Co.3699,Emily Johnson9366
1017405,Street Gear Ltd.5827,John Doe1932
1032661,Extreme Boards Inc.1591,Emily Johnson3614
1016563,Pro Skates Co.9050,John Doe8721
1039425,Extreme Boards Inc.3460,Michael Brown4701
1048755,Cruise Tech8830,Jane Smith7021
1019346,Cruise Tech9144,Emily Johnson3490
1015852,Cruise Tech5076,Jane Smith1781
1045429,Street Gear Ltd.7902,Jane Smith1659
1021196,Street Gear Ltd.3828,Emily Johnson8644
1034609,Extreme Boards Inc.4001,Michael Brown5850
1024127,Cruise Tech1145,Michael Brown1940
1029164,Cruise Tech8744,Jane Smith6959
1025504,Extreme Boards Inc.8006,Michael Brown3984
1049047,Pro Skates Co.7657,John Doe7681
1049183,Cruise Tech4047,Emily Johnson5548
1022220,Extreme Boards Inc.8184,John Doe9723
1026471,Street Gear Ltd.5825,Jane Smith2601
1037089,Cruise Tech8810,Michael Brown3352
1044498,Street Gear Ltd.2487,Michael Brown7276
1032400,Cruise Tech9446,Michael Brown9909
1018270,Cruise Tech4459,Jane Smith2074
1021657,Cruise Tech2771,Michael Brown5755
1034079,Extreme Boards Inc.7907,Michael Brown6015
1014652,Cruise Tech9068,Michael Brown8298
1037375,Extreme Boards Inc.8463,Michael Brown7257
1041765,Extreme Boards Inc.6153,Jane Smith6074
1019499,Pro Skates Co.7511,Emily Johnson8067
1011158,Street Gear Ltd.9636,Jane Smith5708
1016970,Street Gear Ltd.1908,Michael Brown9218
1038198,Cruise Tech6960,Jane Smith7953
1021018,Extreme Boards Inc.2997,John Doe1217
1032691,Street Gear Ltd.5830,Emily Johnson5105
1012543,Cruise Tech8076,Jane Smith7439
1011444,Extreme Boards Inc.3581,John Doe6490
1036946,Pro Skates Co.7854,Emily Johnson6702
1032344,Street Gear Ltd.5041,John Doe6011
1023491,Cruise Tech7159,Emily Johnson2383
1025319,Street Gear Ltd.5154,Jane Smith5203
1042018,Pro Skates Co.3672,Jane Smith7172
1043335,Cruise Tech1036,John Doe3991
1018007,Extreme Boards Inc.9471,Jane Smith9747
1028394,Pro Skates Co.1621,Michael Brown2796
1019328,Extreme Boards Inc.4161,Jane Smith1390
1037305,Pro Skates Co.3162,Emily Johnson5676
1036390,Cruise Tech9290,Michael Brown1913
1047315,Extreme Boards Inc.1489,John Doe9844
1017743,Pro Skates Co.1036,Jane Smith5513
1047838,Street Gear Ltd.3179,Jane Smith6397
1049475,Extreme Boards Inc.6122,John Doe8595
1034667,Street Gear Ltd.5092,Michael Brown1882
1038950,Cruise Tech3193,Jane Smith7029
1031013,Extreme Boards Inc.4007,Emily Johnson3762
1047285,Pro Skates Co.8731,Jane Smith1396
1033361,Extreme Boards Inc.8161,Jane Smith1607
1031620,Cruise Tech9513,John Doe2891
1035653,Extreme Boards Inc.6116,John Doe6243
1048677,Street Gear Ltd.7701,Jane Smith4873
1032640,Extreme Boards Inc.2564,Jane Smith9665
1046548,Street Gear Ltd.5140,Jane Smith5306
1027034,Extreme Boards Inc.4506,Jane Smith2872
1045818,Street Gear Ltd.2891,Michael Brown3236
1028789,Street Gear Ltd.6544,Emily Johnson1125
1036439,Extreme Boards Inc.2479,Michael Brown5612
1036980,Extreme Boards Inc.9356,John Doe3120
1021329,Pro Skates Co.2780,Emily Johnson4931
1044639,Extreme Boards Inc.8932,Michael Brown7193
1013961,Street Gear Ltd.3394,Emily Johnson9339
1038242,Pro Skates Co.4038,Jane Smith4695
1022484,Street Gear Ltd.1056,Michael Brown5472
1024717,Extreme Boards Inc.2493,John Doe9010
1019893,Extreme Boards Inc.3590,Emily Johnson8706
1016168,Pro Skates Co.6684,John Doe9072
1023005,Extreme Boards Inc.5187,Jane Smith4252
1039776,Extreme Boards Inc.2575,Michael Brown7113
1022341,Extreme Boards Inc.4776,John Doe2451
1011206,Cruise Tech9739,Jane Smith7075
1012895,Pro Skates Co.2593,Michael Brown9955
1022000,Cruise Tech1849,Jane Smith6988
1033531,Street Gear Ltd.5217,Jane Smith1552
1025658,Extreme Boards Inc.5716,John Doe3950
1041426,Extreme Boards Inc.1041,John Doe2294
1013141,Pro Skates Co.8982,John Doe8092
1022910,Extreme Boards Inc.7189,Michael Brown5884
1015603,Extreme Boards Inc.2082,Michael Brown3020
1035544,Street Gear Ltd.2950,Jane Smith4353
1049943,Street Gear Ltd.8396,Michael Brown2630
1016716,Cruise Tech3545,Jane Smith9590
1035530,Street Gear Ltd.4974,Michael Brown7231
1038477,Street Gear Ltd.5682,Emily Johnson3262
1021098,Cruise Tech8168,Jane Smith6665
1044777,Pro Skates Co.2841,John Doe7717
1023853,Pro Skates Co.7888,Jane Smith3234
1048176,Extreme Boards Inc.5982,Michael Brown1305
1021345,Extreme Boards Inc.7392,John Doe2843
1033870,Cruise Tech7972,John Doe9601
1017902,Street Gear Ltd.4614,Jane Smith6024
1035037,Pro Skates Co.9253,John Doe2113
1028292,Street Gear Ltd.1669,Jane Smith7536
1014518,Cruise Tech9423,Michael Brown1599
1018762,Street Gear Ltd.3343,Emily Johnson5927
1043788,Cruise Tech5300,John Doe7396
1046894,Cruise Tech1501,John Doe6324
1047145,Extreme Boards Inc.3010,Michael Brown5375
1032997,Cruise Tech9524,Michael Brown5472
1042596,Pro Skates Co.4636,John Doe6004
1024741,Extreme Boards Inc.4314,John Doe3797
1014438,Extreme Boards Inc.3874,Jane Smith5754
1028703,Pro Skates Co.3420,Jane Smith2156
1014614,Street Gear Ltd.4662,Jane Smith1454
1049219,Cruise Tech8879,John Doe6860
1037638,Extreme Boards Inc.5282,Jane Smith5581
1039690,Cruise Tech8672,Jane Smith4491
1015718,Cruise Tech1563,Jane Smith6239
1037712,Extreme Boards Inc.8453,Michael Brown1609
1013304,Cruise Tech6120,Michael Brown7439
1048334,Pro Skates Co.4311,Jane Smith4220
1044495,Extreme Boards Inc.4724,Emily Johnson8694
1025554,Extreme Boards Inc.4412,Michael Brown1071
1028346,Street Gear Ltd.2198,Michael Brown5787
1048876,Extreme Boards Inc.8076,Michael Brown1712
1043279,Cruise Tech2505,Emily Johnson7043
1032361,Extreme Boards Inc.2345,Emily Johnson3435
1028610,Extreme Boards Inc.8497,Emily Johnson5567
1012225,Pro Skates Co.2325,John Doe3566
1017934,Pro Skates Co.7190,Emily Johnson2413
1038109,Extreme Boards Inc.7401,Jane Smith2519
1022719,Cruise Tech6665,Michael Brown6881
1029230,Cruise Tech1441,Jane Smith8066
1041578,Street Gear Ltd.4904,Jane Smith7113
1033092,Street Gear Ltd.5630,Michael Brown9629
1045308,Street Gear Ltd.4975,Jane Smith1184
1043364,Extreme Boards Inc.7694,Michael Brown8012
1041313,Street Gear Ltd.6249,Emily Johnson4181
1027165,Extreme Boards Inc.6389,Jane Smith4795
1026621,Cruise Tech1200,Jane Smith5410
1022798,Pro Skates Co.4956,Michael Brown2836
1011595,Pro Skates Co.7058,John Doe5730
1042311,Pro Skates Co.3474,Emily Johnson1759
1037447,Extreme Boards Inc.6852,Jane Smith2117
1018365,Street Gear Ltd.9326,Emily Johnson1631
1038557,Extreme Boards Inc.8224,Jane Smith4012
1035149,Street Gear Ltd.9407,Emily Johnson8143
1027750,Pro Skates Co.6997,John Doe2818
1022736,Street Gear Ltd.6401,Emily Johnson5404
1046195,Street Gear Ltd.4806,John Doe3348
1037464,Pro Skates Co.8673,John Doe8509
1022686,Pro Skates Co.5693,John Doe5529
1028466,Street Gear Ltd.8491,John Doe5029
1022956,Pro Skates Co.5665,Jane Smith6472
1019580,Street Gear Ltd.1043,Michael Brown2942
1023298,Pro Skates Co.6901,Jane Smith7629
1014175,Cruise Tech2692,Michael Brown6407
1017676,Extreme Boards Inc.9528,Michael Brown2073
1019658,Street Gear Ltd.9266,Emily Johnson6348
1027878,Cruise Tech2805,Emily Johnson8109
1034887,Extreme Boards Inc.8040,Jane Smith2228
1013274,Extreme Boards Inc.4008,Emily Johnson1815
1023447,Cruise Tech5298,Emily Johnson4231
1037263,Extreme Boards Inc.3345,Michael Brown6216
1045070,Pro Skates Co.3814,Emily Johnson8682
1026325,Extreme Boards Inc.2392,Jane Smith6887
1012571,Street Gear Ltd.6567,John Doe4153
1029024,Cruise Tech4356,Jane Smith8174
1016637,Street Gear Ltd.4128,Emily Johnson6536
1046459,Street Gear Ltd.8968,Jane Smith2109
1035842,Pro Skates Co.9566,John Doe1096
1039986,Cruise Tech8553,Michael Brown9445
1013530,Pro Skates Co.2551,Jane Smith9134
1013906,Cruise Tech8323,Emily Johnson7641
1015844,Extreme Boards Inc.6345,Emily Johnson8665
1048957,Extreme Boards Inc.7120,Emily Johnson8987
1042378,Pro Skates Co.5870,Emily Johnson5337
1014134,Cruise Tech1683,Michael Brown1749
1014368,Pro Skates Co.1214,Jane Smith1534
1024968,Cruise Tech9766,Emily Johnson3742
1021151,Extreme Boards Inc.8399,Jane Smith8359
1049544,Extreme Boards Inc.4515,John Doe9604
1036428,Cruise Tech2560,Emily Johnson6788
1031100,Street Gear Ltd.3805,Emily Johnson6145
1019041,Extreme Boards Inc.9415,Michael Brown6004
1029543,Street Gear Ltd.1524,Jane Smith2793
1012245,Pro Skates Co.9632,Michael Brown3099
1018706,Cruise Tech8912,Michael Brown1893
1028069,Cruise Tech7244,John Doe2823
1027695,Cruise Tech9886,Jane Smith5194
1036756,Pro Skates Co.1326,Emily Johnson1362
1048171,Cruise Tech7033,Michael Brown4145
1039299,Extreme Boards Inc.7882,Jane Smith3530
1015482,Street Gear Ltd.3309,John Doe5573
1015404,Street Gear Ltd.5937,Emily Johnson9820
1021249,Cruise Tech8557,Michael Brown7722
1049913,Pro Skates Co.8660,Jane Smith9355
1047748,Cruise Tech2921,Michael Brown7409
1013187,Pro Skates Co.8685,John Doe6478
1015971,Cruise Tech5499,John Doe2811
1039069,Extreme Boards Inc.7545,Michael Brown2699
1012995,Extreme Boards Inc.5649,John Doe9960
1037353,Pro Skates Co.7007,Michael Brown8683
1036974,Extreme Boards Inc.4774,John Doe2983
1017160,Extreme Boards Inc.5514,Jane Smith8840
1027505,Cruise Tech4987,Emily Johnson5483
1025264,Street Gear Ltd.9266,Michael Brown6641
1028631,Pro Skates Co.3891,John Doe3298
1047899,Pro Skates Co.2655,Michael Brown8781
1034472,Extreme Boards Inc.1227,Michael Brown9896
1032902,Extreme Boards Inc.6535,Emily Johnson2064
1042540,Street Gear Ltd.8219,John Doe3336
1018626,Street Gear Ltd.5668,Emily Johnson4812
1049128,Cruise Tech1856,Jane Smith6791
1014605,Extreme Boards Inc.6660,Jane Smith2371
1022283,Street Gear Ltd.4217,John Doe6179
1045918,Extreme Boards Inc.7029,John Doe6497
1037589,Pro Skates Co.5894,Michael Brown5236
1028106,Cruise Tech2401,Emily Johnson4708
1021185,Street Gear Ltd.8208,Jane Smith5186
1014999,Street Gear Ltd.3562,John Doe8267
1049821,Pro Skates Co.1408,Michael Brown4107
1025124,Extreme Boards Inc.3373,Michael Brown2255
1038103,Cruise Tech3246,Jane Smith5464
1027121,Extreme Boards Inc.7178,John Doe1538
1041529,Extreme Boards Inc.2799,Jane Smith8724
1035481,Extreme Boards Inc.1384,Michael Brown6520
1014996,Cruise Tech5578,Emily Johnson4014
1039303,Street Gear Ltd.9527,John Doe7313
1012740,Street Gear Ltd.3986,Michael Brown9097
1017082,Extreme Boards Inc.4355,Michael Brown8800
1013257,Pro Skates Co.9280,Emily Johnson7000
1041550,Cruise Tech9828,John Doe1013
1011009,Cruise Tech9673,John Doe7784
1027042,Pro Skates Co.6946,Emily Johnson4388
1028113,Cruise Tech8004,Jane Smith7608
1024118,Street Gear Ltd.6952,John Doe2969
1041475,Street Gear Ltd.2372,John Doe2616
1045675,Cruise Tech3852,Emily Johnson3053
1041281,Street Gear Ltd.2208,Emily Johnson8345
1015540,Pro Skates Co.1605,John Doe5166
1014293,Cruise Tech2600,Michael Brown4558
1035715,Pro Skates Co.6821,Jane Smith6669
1013335,Cruise Tech1342,Michael Brown7080
1037889,Pro Skates Co.3457,Jane Smith7893
1021888,Cruise Tech1197,Emily Johnson1756
1038910,Street Gear Ltd.9438,Michael Brown7131
1048877,Cruise Tech9962,Emily Johnson5134
1018012,Street Gear Ltd.4116,Emily Johnson3487
1042295,Extreme Boards Inc.2684,John Doe3918
1045456,Pro Skates Co.3525,Emily Johnson6784
1047113,Street Gear Ltd.2718,Emily Johnson8500
1023161,Extreme Boards Inc.1639,John Doe6884
1047996,Extreme Boards Inc.1094,Michael Brown3070
1015664,Cruise Tech6778,John Doe2966
1022841,Extreme Boards Inc.8664,Jane Smith8669
1025466,Pro Skates Co.2537,John Doe6972
1025665,Extreme Boards Inc.7301,Michael Brown3984
1037586,Pro Skates Co.4145,Jane Smith5815
1034139,Cruise Tech7139,John Doe9487
1039371,Pro Skates Co.7986,Michael Brown7914
1019520,Street Gear Ltd.2443,Michael Brown9327
1014483,Cruise Tech8589,Jane Smith3457
1037798,Extreme Boards Inc.3754,Jane Smith6415
1044060,Cruise Tech2423,Emily Johnson6171
1041583,Street Gear Ltd.2473,Emily Johnson8569
1019246,Pro Skates Co.8995,Emily Johnson9445
1037139,Street Gear Ltd.5249,Jane Smith9635
1043023,Pro Skates Co.8448,Jane Smith6848
1044058,Pro Skates Co.6443,Jane Smith7996
1021346,Pro Skates Co.9944,Jane Smith5707
1033001,Street Gear Ltd.4440,Michael Brown8718
1024000,Pro Skates Co.7226,Emily Johnson3016
1016826,Cruise Tech1387,Emily Johnson9272
1038636,Cruise Tech8856,Michael Brown1757
1013143,Pro Skates Co.2275,Emily Johnson7065
1033293,Extreme Boards Inc.7546,Michael Brown8580
1044690,Extreme Boards Inc.1171,Michael Brown6256
1025723,Extreme Boards Inc.4480,Emily Johnson6079
1029767,Cruise Tech2230,Jane Smith5883
1012645,Extreme Boards Inc.9380,Michael Brown8449
1029140,Street Gear Ltd.9839,Jane Smith5430
1043752,Cruise Tech8763,John Doe8646
1015105,Cruise Tech9367,Michael Brown8154
1031815,Pro Skates Co.7523,Jane Smith3802
1041457,Extreme Boards Inc.6805,Michael Brown7727
1029202,Pro Skates Co.9876,Emily Johnson4156
1028180,Pro Skates Co.1359,Michael Brown9452
1021973,Cruise Tech3814,Jane Smith5193
1013777,Street Gear Ltd.4391,Emily Johnson9162
1015436,Pro Skates Co.8425,Michael Brown3223
1026159,Extreme Boards Inc.8212,John Doe1755
1048236,Pro Skates Co.4521,John Doe7877
1033910,Cruise Tech2364,Jane Smith2776
1026753,Pro Skates Co.5058,Michael Brown6762
1031377,Street Gear Ltd.4923,Michael Brown3892
1024763,Pro Skates Co.6617,Jane Smith6765
1035164,Pro Skates Co.8988,Michael Brown9294
1033958,Street Gear Ltd.2723,John Doe7325
1035441,Pro Skates Co.6940,Michael Brown9576
1022019,Pro Skates Co.7810,Jane Smith3958
1037344,Extreme Boards Inc.2585,John Doe1116
1014771,Pro Skates Co.4898,Jane Smith7761
1049932,Street Gear Ltd.4790,Jane Smith5911
1028595,Extreme Boards Inc.1147,John Doe2897
1017244,Street Gear Ltd.4983,Emily Johnson8260
1017883,Street Gear Ltd.1917,Jane Smith7174
1046035,Pro Skates Co.6207,Emily Johnson9364
1026856,Street Gear Ltd.6173,Jane Smith5932
1041928,Cruise Tech8766,Jane Smith1938
1044039,Pro Skates Co.5399,John Doe1154
1013356,Street Gear Ltd.8228,Michael Brown1557
1032091,Street Gear Ltd.7730,Jane Smith5862
1044431,Street Gear Ltd.2880,Emily Johnson7258
1037368,Extreme Boards Inc.4154,Jane Smith9810
1041898,Pro Skates Co.9324,Michael Brown9236
1039537,Pro Skates Co.8615,Michael Brown2700
1025848,Pro Skates Co.3941,John Doe1707
1037637,Extreme Boards Inc.3560,Michael Brown7927
1036463,Cruise Tech5058,John Doe2621
1031921,Extreme Boards Inc.1321,Emily Johnson2448
1022452,Extreme Boards Inc.9492,Jane Smith4831
1035005,Cruise Tech3865,John Doe7486
1032233,Street Gear Ltd.1990,Emily Johnson7761
1048992,Street Gear Ltd.2728,Michael Brown4358
1042028,Pro Skates Co.7242,Emily Johnson2182
1047559,Pro Skates Co.3077,Emily Johnson6153
1027184,Street Gear Ltd.4241,Jane Smith7211
1035488,Cruise Tech6301,Michael Brown1318
1015593,Street Gear Ltd.5909,Michael Brown8604
1012255,Cruise Tech1290,Michael Brown9360
1038160,Street Gear Ltd.7071,Emily Johnson7039
1049048,Pro Skates Co.8533,Emily Johnson9822
1022532,Extreme Boards Inc.8617,John Doe7781
1048259,Street Gear Ltd.7015,Jane Smith9957
1043850,Cruise Tech3554,John Doe3580
1028667,Pro Skates Co.4606,Michael Brown9532
1031191,Extreme Boards Inc.1857,Jane Smith3407
1012257,Street Gear Ltd.1102,Jane Smith1568
1032148,Street Gear Ltd.6675,Jane Smith2965
1019684,Cruise Tech3172,John Doe3022
1032380,Extreme Boards Inc.2546,Emily Johnson8005
1019902,Extreme Boards Inc.6467,Jane Smith4968
1045280,Street Gear Ltd.2171,Jane Smith2816
1049907,Street Gear Ltd.9634,Emily Johnson7953
1032247,Street Gear Ltd.6112,Jane Smith1868
1014575,Cruise Tech1974,Michael Brown9343
1042532,Street Gear Ltd.1436,Jane Smith8837
1046954,Cruise Tech4075,Michael Brown1435
1048708,Street Gear Ltd.5936,Michael Brown9859
1013469,Pro Skates Co.1996,Michael Brown8238
1028638,Cruise Tech9827,Jane Smith3689
1037679,Cruise Tech5751,Jane Smith7562
1034912,Street Gear Ltd.3067,Michael Brown9824
1011764,Street Gear Ltd.8517,Jane Smith9913
1042746,Extreme Boards Inc.5771,Emily Johnson5840
1018159,Pro Skates Co.5540,John Doe1947
1043294,Pro Skates Co.4995,Michael Brown1808
1032046,Cruise Tech8620,John Doe6393
1023834,Cruise Tech2400,Jane Smith5736
1034771,Pro Skates Co.8083,Michael Brown8863
1032152,Extreme Boards Inc.8296,Jane Smith8363
1047013,Pro Skates Co.2977,Michael Brown1793
1018634,Cruise Tech9857,John Doe4211
1012294,Extreme Boards Inc.6059,Jane Smith4535
1042207,Street Gear Ltd.9126,Michael Brown1122
1045035,Cruise Tech9999,Michael Brown5408
1043429,Pro Skates Co.9839,Jane Smith8195
1039493,Cruise Tech3888,John Doe5393
1023257,Cruise Tech9490,Michael Brown7075
1046302,Street Gear Ltd.8393,Emily Johnson2008
1024621,Cruise Tech2213,Jane Smith1903
1018879,Extreme Boards Inc.8118,Emily Johnson8236
1035170,Street Gear Ltd.8270,Emily Johnson3683
1027183,Pro Skates Co.2130,Emily Johnson5243
1049328,Cruise Tech9849,John Doe7148
1037927,Cruise Tech4994,Michael Brown6171
1022519,Extreme Boards Inc.2196,Michael Brown3764
1028861,Pro Skates Co.2102,Michael Brown9014
1021843,Cruise Tech1816,Emily Johnson6944
1038321,Pro Skates Co.6435,John Doe7466
1011663,Extreme Boards Inc.6210,John Doe2463
1041420,Pro Skates Co.9967,Michael Brown2671
1019869,Pro Skates Co.9568,Jane Smith8697
1046242,Cruise Tech9616,Jane Smith3451
1011524,Extreme Boards Inc.5981,John Doe4940
1042092,Cruise Tech5005,Jane Smith2148
1045752,Extreme Boards Inc.6385,Michael Brown1331
1012771,Cruise Tech8348,Emily Johnson9179
1025791,Extreme Boards Inc.6845,John Doe5621
1014669,Cruise Tech2285,Michael Brown5905
1015661,Pro Skates Co.9600,Jane Smith5460
1014946,Cruise Tech4288,Emily Johnson4539
1012888,Cruise Tech4237,Emily Johnson8179
1044589,Street Gear Ltd.1490,John Doe8165
1023904,Street Gear Ltd.1572,Jane Smith7879
1049181,Pro Skates Co.2440,Jane Smith8360
1031033,Pro Skates Co.1974,John Doe8385
1022415,Extreme Boards Inc.3514,John Doe5920
1026552,Pro Skates Co.9322,Emily Johnson7929
1025180,Cruise Tech7919,Jane Smith8311
1025900,Extreme Boards Inc.1906,John Doe5569
1014075,Cruise Tech4095,Emily Johnson7968
1023357,Street Gear Ltd.1327,John Doe4932
1031183,Street Gear Ltd.7167,Jane Smith9375
1027216,Extreme Boards Inc.1348,Emily Johnson2530
1039653,Pro Skates Co.3273,John Doe8036
1048738,Street Gear Ltd.9959,John Doe1944
1028908,Street Gear Ltd.6695,Jane Smith8724
1022563,Street Gear Ltd.2569,Emily Johnson5771
1016378,Street Gear Ltd.6466,Jane Smith3599
1041980,Extreme Boards Inc.8413,Jane Smith7319
1015295,Cruise Tech5179,Emily Johnson8070
1016300,Street Gear Ltd.2080,John Doe9323
1013452,Cruise Tech9166,John Doe3186
1012753,Street Gear Ltd.9550,Michael Brown6618
1028957,Street Gear Ltd.3602,John Doe1598
1031534,Cruise Tech3756,John Doe9814
1025747,Pro Skates Co.7475,Jane Smith3180
1022937,Cruise Tech5599,John Doe2326
1027081,Extreme Boards Inc.1463,Emily Johnson9320
1044901,Cruise Tech8373,Michael Brown3946
1045230,Extreme Boards Inc.3814,Jane Smith7758
1014193,Cruise Tech4299,Jane Smith1347
1014943,Street Gear Ltd.1910,Jane Smith5156
1016545,Extreme Boards Inc.9321,Michael Brown4908
1042560,Street Gear Ltd.9025,Emily Johnson2569
1029857,Pro Skates Co.7174,John Doe1398
1033142,Cruise Tech9849,Jane Smith9389
1013951,Cruise Tech2731,John Doe4730
1035824,Extreme Boards Inc.5529,Emily Johnson6163
1021134,Extreme Boards Inc.5995,John Doe9135
1012090,Extreme Boards Inc.8466,Michael Brown1624
1014711,Pro Skates Co.8278,Emily Johnson7884
1035385,Cruise Tech4143,John Doe5078
1013854,Extreme Boards Inc.3387,Michael Brown4814
1013050,Extreme Boards Inc.4984,John Doe1569
1012537,Cruise Tech8588,Jane Smith4453
1023631,Pro Skates Co.9151,Jane Smith9738
1013650,Pro Skates Co.6138,Jane Smith2392
1014129,Pro Skates Co.9218,Michael Brown6078
1016652,Extreme Boards Inc.8127,Emily Johnson5412
1032493,Street Gear Ltd.6671,Emily Johnson5457
1024408,Extreme Boards Inc.2329,Emily Johnson8513
1014658,Extreme Boards Inc.5163,Jane Smith6601
1014435,Extreme Boards Inc.7429,Michael Brown3875
1029153,Extreme Boards Inc.8301,John Doe6679
1014805,Extreme Boards Inc.7600,Michael Brown7644
1032051,Extreme Boards Inc.6438,Emily Johnson8582
1028855,Cruise Tech5798,John Doe4133
1027883,Cruise Tech1213,Jane Smith7204
1038496,Extreme Boards Inc.8564,Emily Johnson7727
1042865,Pro Skates Co.3720,Emily Johnson7468
1039504,Street Gear Ltd.6683,Emily Johnson6915
1013934,Cruise Tech4496,Michael Brown3753
1046348,Street Gear Ltd.7429,Jane Smith8610
1043168,Pro Skates Co.4423,Emily Johnson6780
1035347,Street Gear Ltd.8444,John Doe9869
1049351,Pro Skates Co.4214,Jane Smith7602
1017849,Extreme Boards Inc.7859,Emily Johnson8074
1045906,Extreme Boards Inc.5452,Michael Brown5044
1029397,Pro Skates Co.8547,Jane Smith3736
1012619,Street Gear Ltd.8211,Jane Smith9838
1037192,Extreme Boards Inc.9611,Jane Smith6207
1046956,Pro Skates Co.1198,John Doe1612
1024282,Pro Skates Co.2660,Michael Brown4291
1047092,Street Gear Ltd.4888,John Doe1189
1038876,Cruise Tech1431,John Doe7117
1033801,Pro Skates Co.1812,Jane Smith6035
1029277,Extreme Boards Inc.2017,Michael Brown5040
1023059,Pro Skates Co.9119,Michael Brown2893
1033440,Pro Skates Co.1221,Jane Smith7877
1032880,Street Gear Ltd.3804,Jane Smith6358
1027569,Cruise Tech2327,Jane Smith7744
1041321,Pro Skates Co.9238,Emily Johnson4599
1024470,Extreme Boards Inc.2882,John Doe6409
1034965,Pro Skates Co.9600,Michael Brown3482
1012053,Extreme Boards Inc.8678,Jane Smith8960
1032536,Pro Skates Co.2342,Michael Brown2471
1034400,Cruise Tech3722,Jane Smith3145
1023729,Pro Skates Co.7084,Emily Johnson4771
1017565,Street Gear Ltd.1995,Michael Brown6674
1022214,Pro Skates Co.4582,Michael Brown7616
1045765,Cruise Tech5629,Michael Brown3146
1029402,Extreme Boards Inc.2075,Emily Johnson9276
1029865,Street Gear Ltd.1787,Michael Brown2111
1014290,Extreme Boards Inc.9500,Emily Johnson9067
1039082,Street Gear Ltd.9087,Michael Brown9926
1038193,Cruise Tech1441,Jane Smith9770
1037913,Pro Skates Co.4097,Michael Brown1143
1048330,Pro Skates Co.7828,Michael Brown5745
1034418,Extreme Boards Inc.4975,Michael Brown1190
1044261,Cruise Tech3636,John Doe1431
1037624,Extreme Boards Inc.1081,John Doe9486
1035941,Pro Skates Co.5275,Michael Brown6146
1024694,Extreme Boards Inc.8569,John Doe2190
1013268,Extreme Boards Inc.1432,Michael Brown6863
1038981,Extreme Boards Inc.9413,John Doe2972
1044512,Cruise Tech1314,Michael Brown2607
1041498,Cruise Tech2329,Emily Johnson4203
1039422,Pro Skates Co.1725,John Doe2547
1031077,Cruise Tech1778,Jane Smith7208
1012245,Cruise Tech8645,Emily Johnson2740
1022038,Street Gear Ltd.8109,Jane Smith5069
1045453,Street Gear Ltd.3388,Michael Brown7991
1027844,Cruise Tech5295,Michael Brown1070
1023330,Street Gear Ltd.2797,Michael Brown4120
1026208,Cruise Tech9562,Michael Brown8608
1022673,Pro Skates Co.2757,Michael Brown7426
1028191,Extreme Boards Inc.4984,John Doe3788
1012912,Pro Skates Co.5425,Jane Smith3407
1019449,Extreme Boards Inc.5907,Emily Johnson1028
1043778,Street Gear Ltd.8129,John Doe2332
1029055,Pro Skates Co.9188,Jane Smith1842
1017922,Extreme Boards Inc.3527,Jane Smith9708
1031064,Cruise Tech7813,Jane Smith3106
1029962,Street Gear Ltd.7187,John Doe2234
1034007,Cruise Tech1228,John Doe7279
1043249,Pro Skates Co.3359,Michael Brown7501
1047235,Cruise Tech4175,Emily Johnson3313
1034461,Cruise Tech9960,Emily Johnson2223
1029187,Street Gear Ltd.6049,Michael Brown8071
1016918,Cruise Tech4775,Jane Smith3700
1048166,Extreme Boards Inc.4857,Michael Brown2139
1031866,Extreme Boards Inc.5252,John Doe6835
1014314,Cruise Tech8260,Michael Brown9445
1048863,Extreme Boards Inc.8344,Emily Johnson5120
1032190,Pro Skates Co.2493,Jane Smith6996
1026330,Street Gear Ltd.3124,Jane Smith2672
1014785,Extreme Boards Inc.4059,Michael Brown6899
1032910,Pro Skates Co.3389,Emily Johnson8134
1029378,Extreme Boards Inc.1139,Emily Johnson4741
1012373,Pro Skates Co.9373,John Doe5482
1013210,Street Gear Ltd.2011,Emily Johnson9392
1016543,Extreme Boards Inc.8563,Michael Brown8636
1033732,Extreme Boards Inc.6291,Michael Brown2457
1045995,Street Gear Ltd.7353,Emily Johnson7716
1021046,Cruise Tech6814,Michael Brown6987
1046293,Pro Skates Co.9846,Emily Johnson8902
1012521,Extreme Boards Inc.6738,Jane Smith6495
1048459,Extreme Boards Inc.2947,John Doe8577
1035812,Cruise Tech9074,Jane Smith3096
1029506,Cruise Tech7524,Jane Smith7473
1028522,Cruise Tech6010,John Doe8024
1046948,Street Gear Ltd.2063,John Doe1859
1048230,Cruise Tech6414,Emily Johnson9630
1024044,Street Gear Ltd.2727,Michael Brown7956
1042365,Pro Skates Co.3659,Emily Johnson6413
1023404,Pro Skates Co.9682,John Doe3564
1037784,Cruise Tech3149,John Doe4610
1012861,Pro Skates Co.3023,Jane Smith7456
1036716,Extreme Boards Inc.5375,Jane Smith4944
1041293,Extreme Boards Inc.9632,Jane Smith5899
1021422,Extreme Boards Inc.4377,Michael Brown1041
1047561,Cruise Tech3590,John Doe8949
1011666,Extreme Boards Inc.9932,Michael Brown3584
1022766,Extreme Boards Inc.2262,Michael Brown5496
1043558,Street Gear Ltd.6136,Jane Smith3277
1046006,Extreme Boards Inc.6744,Emily Johnson2510
1027743,Street Gear Ltd.9262,Jane Smith3628
1014291,Extreme Boards Inc.5089,Emily Johnson5306
1048806,Street Gear Ltd.5383,Michael Brown9219
1044396,Street Gear Ltd.2802,Emily Johnson7812
1035995,Pro Skates Co.7527,Michael Brown5335
1012530,Pro Skates Co.1981,Emily Johnson4706
1014864,Pro Skates Co.1665,John Doe7649
1049796,Pro Skates Co.4522,John Doe8465
1026667,Pro Skates Co.6143,John Doe6818
1048219,Street Gear Ltd.6754,Emily Johnson4261
1046997,Street Gear Ltd.6876,Michael Brown9795
1013221,Extreme Boards Inc.5822,Michael Brown6866
1047027,Cruise Tech1165,Jane Smith1636
1047339,Pro Skates Co.9234,John Doe1147
1018690,Extreme Boards Inc.6349,Jane Smith4519
1021520,Extreme Boards Inc.7720,Emily Johnson5621
1032639,Extreme Boards Inc.4607,John Doe6533
1049338,Extreme Boards Inc.1142,John Doe9541
1013062,Extreme Boards Inc.3759,Jane Smith9962
1046907,Street Gear Ltd.1936,John Doe6673
1034733,Cruise Tech8500,Michael Brown4650
1033336,Pro Skates Co.2573,John Doe5964
1032875,Cruise Tech1190,Michael Brown6362
1037269,Pro Skates Co.4398,Emily Johnson2420
1037213,Cruise Tech1528,Michael Brown2601
1024653,Extreme Boards Inc.1025,Jane Smith8493
1016284,Extreme Boards Inc.6616,John Doe7648
1015483,Pro Skates Co.4937,Jane Smith6280
1032155,Extreme Boards Inc.6058,Emily Johnson5088
1044280,Pro Skates Co.6087,Jane Smith1160
1036495,Extreme Boards Inc.6992,John Doe1961
1023634,Street Gear Ltd.6757,Emily Johnson7026
1024358,Pro Skates Co.6874,Jane Smith9367
1046635,Extreme Boards Inc.1848,Michael Brown5757
1048132,Street Gear Ltd.4000,John Doe2201
1036672,Street Gear Ltd.9170,Jane Smith2457
1046190,Cruise Tech8017,Michael Brown3144
1046932,Cruise Tech8884,Jane Smith2732
1042516,Pro Skates Co.6519,John Doe5279
1031851,Pro Skates Co.4872,John Doe1310
1029260,Cruise Tech6744,Emily Johnson1449
1012892,Street Gear Ltd.9072,Michael Brown4851
1011697,Pro Skates Co.3342,Emily Johnson7048
1021537,Street Gear Ltd.2902,Jane Smith7715
1017445,Pro Skates Co.3015,John Doe7304
1014028,Extreme Boards Inc.5870,Emily Johnson3558
1035437,Cruise Tech2690,Emily Johnson5892
1029112,Cruise Tech6722,Jane Smith5546
1026267,Extreme Boards Inc.1377,Jane Smith2095
1044814,Street Gear Ltd.7596,John Doe6264
1048174,Street Gear Ltd.1834,Jane Smith6912
1013290,Pro Skates Co.1129,Jane Smith9406
1011399,Cruise Tech1030,Jane Smith9715
1023639,Pro Skates Co.6120,Jane Smith3925
1027042,Street Gear Ltd.8049,Michael Brown2366
1048769,Street Gear Ltd.3668,Michael Brown6011
1032486,Street Gear Ltd.2829,Emily Johnson9922
1028804,Street Gear Ltd.3579,John Doe8072
1023491,Cruise Tech2520,Jane Smith7270
1032097,Street Gear Ltd.1759,Jane Smith1421
1042883,Pro Skates Co.5230,Michael Brown1022
1042649,Cruise Tech4573,Emily Johnson2695
1048083,Street Gear Ltd.6918,Michael Brown2623
1014433,Extreme Boards Inc.6398,Emily Johnson1875
1019362,Pro Skates Co.8100,John Doe4914
1036969,Pro Skates Co.8965,Emily Johnson6778
1022441,Cruise Tech9998,John Doe6770
1036590,Street Gear Ltd.5662,Emily Johnson4438
1045606,Pro Skates Co.7481,Michael Brown5763
1037584,Street Gear Ltd.1179,John Doe2925
1015325,Extreme Boards Inc.4990,Jane Smith6148
1014781,Street Gear Ltd.3398,Michael Brown9072
1023109,Pro Skates Co.9210,Jane Smith7028
1032157,Pro Skates Co.1276,John Doe3789
1025821,Pro Skates Co.4480,Jane Smith5406
1032009,Cruise Tech7753,Emily Johnson6749
1047772,Cruise Tech1416,Michael Brown3310
1032672,Extreme Boards Inc.4691,Emily Johnson2724
1039700,Street Gear Ltd.4025,Emily Johnson4351
1039611,Extreme Boards Inc.7648,John Doe9590
1031855,Street Gear Ltd.1095,John Doe7727
1028620,Extreme Boards Inc.3707,Michael Brown1028
1016947,Extreme Boards Inc.3598,Jane Smith1326
1038872,Cruise Tech9070,John Doe7701
1013558,Street Gear Ltd.4942,Emily Johnson1558
1017349,Cruise Tech4200,Michael Brown8010
1034567,Pro Skates Co.2660,Jane Smith1998
1017891,Street Gear Ltd.6641,John Doe5741
1033475,Street Gear Ltd.5762,John Doe2720
1015955,Street Gear Ltd.4191,John Doe1500
1016205,Cruise Tech1127,John Doe9656
1011623,Street Gear Ltd.7092,Jane Smith4187
1045515,Street Gear Ltd.2273,John Doe6232
1016907,Street Gear Ltd.3199,Jane Smith4056
1011407,Cruise Tech6636,John Doe2735
1021732,Extreme Boards Inc.4394,Jane Smith3653
1046155,Cruise Tech9471,Michael Brown2169
1046802,Cruise Tech3281,Jane Smith2936
1022075,Extreme Boards Inc.1890,Jane Smith2719
1014730,Cruise Tech7311,Jane Smith4027
1037259,Street Gear Ltd.8291,John Doe9324
1022217,Extreme Boards Inc.6481,John Doe3451
1021524,Extreme Boards Inc.8271,John Doe4588
1031471,Street Gear Ltd.4273,Emily Johnson4425
1037893,Extreme Boards Inc.6749,Jane Smith8452
1046296,Pro Skates Co.2568,John Doe1383
1019757,Street Gear Ltd.9939,Michael Brown1329
1032029,Extreme Boards Inc.5177,Michael Brown1450
1046809,Extreme Boards Inc.7483,John Doe3304
1011747,Extreme Boards Inc.4446,John Doe7956
1039069,Pro Skates Co.3616,Michael Brown3167
1015850,Street Gear Ltd.3370,John Doe1891
1046597,Cruise Tech9498,Emily Johnson9297
1022654,Cruise Tech5945,John Doe5280
1045009,Street Gear Ltd.6727,John Doe7698
1032076,Pro Skates Co.6665,Emily Johnson1396
1019801,Cruise Tech6982,Michael Brown4495
1043641,Extreme Boards Inc.8050,Emily Johnson6708
1028868,Pro Skates Co.3331,Michael Brown1492
1043370,Cruise Tech1035,John Doe6962
1039485,Cruise Tech6435,Emily Johnson5869
1023635,Pro Skates Co.5176,Emily Johnson5763
1017873,Cruise Tech3453,John Doe3487
1015926,Extreme Boards Inc.1812,Jane Smith5974
1045258,Cruise Tech3657,John Doe5638
1021564,Pro Skates Co.2296,Jane Smith9597
1041844,Extreme Boards Inc.2970,John Doe7531
1047177,Extreme Boards Inc.5044,Michael Brown8497
1018406,Cruise Tech8309,Jane Smith6994
1041388,Street Gear Ltd.1579,John Doe3776
1022303,Extreme Boards Inc.9931,John Doe1284
1049888,Pro Skates Co.4891,Emily Johnson3932
1047113,Pro Skates Co.1392,Emily Johnson1681
1017785,Cruise Tech5365,John Doe1022
1023334,Cruise Tech6434,Emily Johnson1872
1033686,Extreme Boards Inc.7945,Emily Johnson5016
1041003,Pro Skates Co.4039,Emily Johnson5610
1049503,Cruise Tech9876,John Doe2369
1012096,Pro Skates Co.2195,Jane Smith4053
1026639,Extreme Boards Inc.8142,John Doe4786
1047897,Street Gear Ltd.5438,Emily Johnson2633
1046225,Street Gear Ltd.2735,Michael Brown1022
1038724,Cruise Tech7808,John Doe3085
1022718,Street Gear Ltd.3668,Jane Smith8159
1049432,Extreme Boards Inc.8418,Emily Johnson3835
1011267,Pro Skates Co.6085,Jane Smith3454
1039955,Extreme Boards Inc.1708,Michael Brown6981
1027624,Extreme Boards Inc.3636,Michael Brown2433
1038396,Pro Skates Co.9741,Emily Johnson4705
1021525,Extreme Boards Inc.8127,Michael Brown4980
1036179,Pro Skates Co.8311,John Doe4826
1012958,Pro Skates Co.2470,Jane Smith4906
1048964,Cruise Tech8958,Michael Brown6015
1049263,Cruise Tech1244,Michael Brown6039
1025306,Street Gear Ltd.4725,Emily Johnson3890
1034548,Street Gear Ltd.2358,John Doe2559
1019795,Pro Skates Co.8170,John Doe2491
1038066,Extreme Boards Inc.7065,John Doe4912
1022313,Pro Skates Co.1403,Emily Johnson6905
1036107,Street Gear Ltd.4215,Jane Smith4385
1034953,Extreme Boards Inc.4854,Jane Smith5351
1023414,Pro Skates Co.8248,Jane Smith6354
1048882,Extreme Boards Inc.9741,Michael Brown6339
1047044,Cruise Tech2253,Jane Smith6239
1013509,Cruise Tech9906,Michael Brown7676
1032336,Cruise Tech4848,Emily Johnson4069
1015278,Cruise Tech9189,Jane Smith4837
1021481,Extreme Boards Inc.2045,John Doe2072
1048959,Extreme Boards Inc.1759,Emily Johnson4535
1015328,Pro Skates Co.7359,John Doe9258
1034780,Pro Skates Co.3768,Jane Smith3124
1032709,Cruise Tech7436,Jane Smith6800
1042573,Extreme Boards Inc.9532,Michael Brown5048
1029124,Extreme Boards Inc.4957,Emily Johnson5356
1025580,Extreme Boards Inc.5772,Michael Brown7220
1032983,Pro Skates Co.3375,Emily Johnson5647
1024555,Extreme Boards Inc.7018,Jane Smith2305
1024500,Extreme Boards Inc.6130,Jane Smith1572
1049173,Street Gear Ltd.6620,John Doe2061
1028217,Cruise Tech5208,Emily Johnson2469
1022253,Pro Skates Co.2563,John Doe9195
1046245,Pro Skates Co.5074,Michael Brown8398
1015006,Street Gear Ltd.6208,Michael Brown8585
1041267,Cruise Tech9370,John Doe8667
1019570,Street Gear Ltd.7983,Emily Johnson1363
1017834,Cruise Tech1208,Jane Smith7731
1042310,Cruise Tech4717,Jane Smith1263
1017328,Pro Skates Co.5348,Jane Smith8113
1011230,Cruise Tech7522,Jane Smith1133
1045826,Extreme Boards Inc.5762,John Doe3292
1033728,Cruise Tech9814,John Doe1803
1048474,Cruise Tech5367,Michael Brown5974
1022943,Pro Skates Co.9049,Michael Brown1580
1018731,Pro Skates Co.6051,John Doe9186
1021484,Pro Skates Co.4625,Jane Smith4742
1048330,Extreme Boards Inc.7715,Michael Brown9848
1014295,Cruise Tech4993,John Doe3712
1016999,Street Gear Ltd.7993,Jane Smith4221
1019246,Extreme Boards Inc.4534,Michael Brown2809
1027427,Extreme Boards Inc.8013,Emily Johnson5349
1033254,Cruise Tech6596,Michael Brown4108
1028210,Extreme Boards Inc.8800,Emily Johnson8320
1035462,Street Gear Ltd.6278,Emily Johnson5921
1015183,Extreme Boards Inc.4355,Michael Brown3072
1026886,Street Gear Ltd.9669,Jane Smith6618
1029816,Street Gear Ltd.5225,John Doe4515
1013803,Extreme Boards Inc.1010,Emily Johnson2309
1015609,Pro Skates Co.3657,Emily Johnson6186
1018453,Street Gear Ltd.2127,Emily Johnson8548
1037766,Street Gear Ltd.9617,Emily Johnson2856
1015454,Cruise Tech4479,Michael Brown6490
1025764,Street Gear Ltd.9243,Jane Smith4641
1028140,Cruise Tech9062,Emily Johnson3308
1025691,Cruise Tech3034,Jane Smith8994
1041445,Extreme Boards Inc.2261,Michael Brown6723
1046685,Extreme Boards Inc.2716,John Doe2067
1016460,Extreme Boards Inc.5806,Emily Johnson6980
1043134,Street Gear Ltd.4377,Jane Smith5781
1033654,Extreme Boards Inc.9130,John Doe7602
1017845,Cruise Tech4639,Jane Smith3347
1034564,Street Gear Ltd.7524,Emily Johnson6590
1042216,Pro Skates Co.5548,Michael Brown8289
1043538,Cruise Tech2490,Jane Smith2097
1027662,Extreme Boards Inc.3835,Jane Smith3309
1018409,Extreme Boards Inc.8862,John Doe5291
1037510,Street Gear Ltd.7914,Emily Johnson2906
1032411,Extreme Boards Inc.7824,Michael Brown9237
1027493,Extreme Boards Inc.5564,Jane Smith2526
1035156,Pro Skates Co.3277,Jane Smith1675
1014519,Cruise Tech4233,Michael Brown9195
1011179,Extreme Boards Inc.3512,Jane Smith3619
1026445,Extreme Boards Inc.1562,Emily Johnson2058
1017910,Street Gear Ltd.1443,Michael Brown2958
1034970,Cruise Tech2202,Michael Brown3253
1013052,Pro Skates Co.8151,Emily Johnson3083
1029966,Street Gear Ltd.1273,Michael Brown5849
1022415,Cruise Tech4791,John Doe8620
1023299,Cruise Tech7557,Jane Smith4076
1049996,Street Gear Ltd.4272,Michael Brown1555
1041208,Cruise Tech7941,Jane Smith7652
1013103,Extreme Boards Inc.7959,Emily Johnson5572
1048736,Street Gear Ltd.4844,Michael Brown2529
1022039,Cruise Tech4736,Jane Smith7906
1037601,Cruise Tech1538,Emily Johnson1979
1036545,Pro Skates Co.2958,Michael Brown5199
1034860,Cruise Tech1261,John Doe6904
1035746,Street Gear Ltd.6907,John Doe6772
1033012,Street Gear Ltd.8340,Michael Brown3667
1026944,Pro Skates Co.3287,Michael Brown5652
1045365,Street Gear Ltd.8505,Emily Johnson3461
1037882,Pro Skates Co.4269,Jane Smith6649
1043519,Cruise Tech9217,Michael Brown8312
1012773,Cruise Tech8223,John Doe4038
1014551,Pro Skates Co.3166,John Doe4043
1023618,Street Gear Ltd.7243,Jane Smith1997
1024261,Pro Skates Co.2074,Michael Brown4310
1013172,Street Gear Ltd.1091,Michael Brown5342
1048415,Street Gear Ltd.8649,Jane Smith8162
1043293,Extreme Boards Inc.6261,Jane Smith5721
1021121,Pro Skates Co.9808,Jane Smith5565
1012992,Cruise Tech5620,Michael Brown6873
1032953,Pro Skates Co.8712,John Doe6304
1041686,Pro Skates Co.2234,Emily Johnson8883
1013925,Cruise Tech3321,Jane Smith6012
1039356,Extreme Boards Inc.1650,Emily Johnson8142
1027566,Pro Skates Co.9133,Jane Smith7370
1017305,Extreme Boards Inc.3943,Jane Smith6068
1022802,Extreme Boards Inc.9816,John Doe4776
1033106,Street Gear Ltd.8642,John Doe6259
1041099,Cruise Tech6242,John Doe5406
1026491,Extreme Boards Inc.6207,Michael Brown8805
1029628,Street Gear Ltd.9684,Emily Johnson4415
1048940,Pro Skates Co.3913,Jane Smith8241
1016929,Street Gear Ltd.4353,Jane Smith1092
1044110,Street Gear Ltd.6118,Jane Smith8576
1039594,Street Gear Ltd.1211,John Doe1623
1043393,Street Gear Ltd.5078,John Doe5863
1014664,Extreme Boards Inc.9837,Emily Johnson4696
1025867,Extreme Boards Inc.2881,John Doe7119
1015093,Pro Skates Co.9894,Jane Smith2497
1012663,Cruise Tech6063,Emily Johnson1153
1031631,Street Gear Ltd.7321,John Doe8462
1042372,Extreme Boards Inc.1658,Michael Brown9964
1031499,Street Gear Ltd.7487,Jane Smith8711
1011132,Pro Skates Co.9807,Michael Brown9720
1011726,Pro Skates Co.8467,Emily Johnson5250
1017724,Street Gear Ltd.5557,Emily Johnson9135
1038134,Pro Skates Co.9220,Michael Brown1220
1039369,Pro Skates Co.6255,Emily Johnson7874
1018381,Cruise Tech8909,Michael Brown6060
1025063,Pro Skates Co.3450,Michael Brown6401
1017658,Cruise Tech6336,Emily Johnson2972
1024021,Pro Skates Co.3452,Emily Johnson9477
1043252,Cruise Tech2493,John Doe7490
1025068,Pro Skates Co.1142,Emily Johnson7121
1033306,Street Gear Ltd.4488,Emily Johnson6709
1039886,Extreme Boards Inc.8366,Jane Smith7638
1012104,Cruise Tech9446,Michael Brown9794
1011473,Pro Skates Co.7443,Emily Johnson5112
1042713,Pro Skates Co.5266,Jane Smith4326
1023093,Extreme Boards Inc.6880,Emily Johnson5274
1032469,Cruise Tech8660,Jane Smith5399
1026844,Extreme Boards Inc.1658,Emily Johnson7093
1034980,Cruise Tech4992,Jane Smith1251
1019206,Pro Skates Co.4513,John Doe2382
1048643,Street Gear Ltd.5848,Jane Smith1478
1043554,Street Gear Ltd.9232,John Doe7776
1038535,Street Gear Ltd.7581,Emily Johnson3616
1038877,Cruise Tech4300,Emily Johnson6154
1016357,Pro Skates Co.6987,Michael Brown9643
1041237,Cruise Tech9416,Emily Johnson4933
1045900,Street Gear Ltd.1495,Michael Brown1669
1022073,Cruise Tech8758,Michael Brown3047
1041358,Street Gear Ltd.9581,Emily Johnson9212
1029936,Extreme Boards Inc.6401,Emily Johnson2091
1048886,Cruise Tech8008,Michael Brown7301
1016977,Pro Skates Co.9772,Michael Brown6969
1044897,Pro Skates Co.5216,Jane Smith7114
1019173,Pro Skates Co.3577,John Doe6648
1037477,Cruise Tech8923,John Doe5555
1047909,Cruise Tech5251,John Doe5042
1012736,Street Gear Ltd.8357,John Doe5722
1035091,Pro Skates Co.8891,Emily Johnson4162
1013038,Extreme Boards Inc.3057,Emily Johnson5196
1036647,Cruise Tech8410,Michael Brown9084
1035537,Street Gear Ltd.8735,John Doe7685
1029045,Pro Skates Co.6148,Emily Johnson1219
1011537,Cruise Tech8443,Michael Brown2190
1026116,Pro Skates Co.4073,John Doe9885
1037922,Extreme Boards Inc.8315,Michael Brown8762
1048196,Pro Skates Co.8525,Emily Johnson3556
1037005,Pro Skates Co.7367,Emily Johnson7736
1036086,Extreme Boards Inc.4506,John Doe6961
1024726,Cruise Tech6393,Jane Smith3289
1021335,Pro Skates Co.2774,Michael Brown7930
1041702,Street Gear Ltd.1624,Jane Smith4402
1043267,Street Gear Ltd.7314,Emily Johnson5800
1016702,Extreme Boards Inc.5686,John Doe7457
1023170,Pro Skates Co.5614,Emily Johnson1722
1043734,Cruise Tech3828,Emily Johnson5082
1048558,Street Gear Ltd.6121,Jane Smith8031
1018818,Extreme Boards Inc.1090,Michael Brown7657
1013132,Street Gear Ltd.4683,Michael Brown2452
1038703,Pro Skates Co.1058,Michael Brown7687
1017959,Extreme Boards Inc.8720,Emily Johnson8631
1014425,Street Gear Ltd.8805,Jane Smith1230
1037702,Cruise Tech9614,Michael Brown4863
1014032,Street Gear Ltd.4235,John Doe1018
1028353,Extreme Boards Inc.7809,Emily Johnson6688
